k,mu,P_AA,P_AB,P_BB,geometric_mean,r_minus_one,valid_geometric_mean
0.01,0,40203.028279490609,26863.79088524271,17935.926135804984,26852.905720920084,0.00040536262390955535,1
0.01,0.5,48976.816135280773,34256.821443450601,23947.866130139453,34247.485108955923,0.00027261372521159011,1
0.01,1,80446.493975053891,61591.465133690523,47146.724961177963,61585.62109399341,9.4892924570766368e-05,1
0.01201388888888889,0,42848.429635144232,28628.675002505533,19113.943835936938,28618.219327977808,0.00036535028290551885,1
0.01201388888888889,0.5,52182.531875071378,36493.899650973624,25509.8504485882,36485.183076993839,0.00023890722876163117,1
0.01201388888888889,1,85630.209897077584,65545.404735918928,50164.339557404623,65540.69671317836,7.1833577863333886e-05,1
0.014027777777777778,0,44393.06825241691,29656.695464352528,19798.765929175119,29646.719332963261,0.00033650034856225197,1
0.014027777777777778,0.5,54043.423057079381,37788.368201019162,26411.25975122536,37780.350504010486,0.00021221870368370865,1
0.014027777777777778,1,88587.826231614818,67790.491815234724,51870.429736758793,67787.082958917585,5.0287697424655775e-05,1
0.016041666666666666,0,45039.619506701267,30083.504899132091,20081.171383543191,30074.047256125057,0.00031447855775734723,1
0.016041666666666666,0.5,54807.698396981825,38314.197741418786,26774.008455902534,38306.941672878915,0.00018941915545833687,1
0.016041666666666666,1,89733.478094742415,68644.673410997988,52509.04968712198,68642.695604667955,2.881306324886701e-05,1
0.018055555555555554,0,44960.96276703789,30024.847529194212,20038.637815109887,30015.936578879446,0.00029687397197641907,1
0.018055555555555554,0.5,54687.231192822117,38219.945908699359,26702.237340740277,38213.497966277195,0.00016873468186173746,1
0.018055555555555554,1,89421.428455601985,68380.067711126962,52289.172519085907,68379.620497762851,6.5401556905708702e-06,1
0.020069444444444445,0,44308.484977290631,29582.098238775914,19739.036899329327,29573.752212394676,0.00028221060084954175,1
0.020069444444444445,0.5,53867.609646170116,37635.769891019212,26287.207497386615,37630.161202911404,0.0001490476768772897,1
0.020069444444444445,1,87962.227031017319,67235.2857301482,51394.088699494278,67236.437280965125,-1.7126886305951494e-05,1
0.022083333333333333,0,43213.800219955236,28843.405600545117,19241.394557918404,28835.633864703232,0.00026951846726697148,1
0.022083333333333333,0.5,52510.183859428063,36674.847210321328,25608.28723622606,36670.095051680401,0.00012959220951658246,1
0.022083333333333333,1,85625.825638351904,65417.784024386594,49983.184541921779,65420.573556306888,-4.2639979576097886e-05,1
0.024097222222222221,0,41797.473861079838,27889.510064541199,18599.771299809629,27882.314371763616,0.00025807372665132,1
0.024097222222222221,0.5,50762.631076745478,35440.746329333306,24738.094563139486,35436.856066111352,0.00010978014569618111,1
0.024097222222222221,1,82658.61546181493,63116.857804628868,48201.853301892246,63121.299547996678,-7.0368376437368596e-05,1
0.026111111111111113,0,40163.461873674947,26790.024008889744,17860.773652477881,26783.399739869346,0.00024732741491884092,1
0.026111111111111113,0.5,48752.173277389455,34022.677242242462,23739.171426585064,34019.644308113035,8.9152435044814737e-05,1
0.026111111111111113,1,79272.258236909111,60495.079719619353,46174.933016513183,60501.167047892668,-0.00010061505538394577,1
0.028124999999999997,0,38395.894871505945,25601.285554197253,17062.121892931402,25595.222962221174,0.0002368641986447706,1
0.028124999999999997,0.5,46581.685658778144,32492.77520577388,22662.087729278483,32490.587051897102,6.7347317340926693e-05,1
0.028124999999999997,1,75637.43620198268,57683.531312507199,44003.067931952166,57691.24061237149,-0.00013363033594804286,1
0.030138888888888889,0,36577.107539447083,24378.397681290433,16240.688927740666,24372.882993701787,0.00022626324469166015,1
0.030138888888888889,0.5,44351.554045599318,30921.371452925181,21556.110295336428,30920.009553305663,4.40458990536019e-05,1
0.030138888888888889,1,71919.2382370337,54808.841003495974,41783.368697467602,54818.13612025667,-0.00016956280199498242,1
0.03215277777777778,0,34770.623977187905,23163.862061498996,15424.907325818924,23158.878481243879,0.00021519091518840128,1
0.03215277777777778,0.5,42139.060863615494,29362.5868442438,20459.134407121943,29362.028369964522,1.9020289478755004e-05,1
0.03215277777777778,1,68243.882915937138,51967.75625476562,39589.98125701071,51978.592185125453,-0.00020846910053351486,1
0.034166666666666665,0,33016.583575438381,21984.533503780272,14632.741358613332,21980.062056428113,0.00020343197124206291,1
0.034166666666666665,0.5,39992.937306238869,27850.542839322297,19395.04800667911,27850.761910271158,-7.8658871008885356e-06,1
0.034166666666666665,1,64690.399680858172,49220.837881605439,37469.305843397604,49233.163322842716,-0.00025034835069304151,1
0.036180555555555556,0,31350.253394776781,20863.986887541476,13879.948189359007,20860.00701924086,0.00019078940371142217,1
0.036180555555555556,0.5,37955.804045023215,26415.046556553098,18384.694622609077,26416.015341518527,-3.667415213481906e-05,1
0.036180555555555556,1,61326.950482896689,46620.224690626354,35461.220309267475,46633.984410186706,-0.00029505777244598352,1
0.038194444444444448,0,29802.744702078835,19822.997793737402,13180.400057853531,19819.487833833493,0.00017709639791596565,1
0.038194444444444448,0.5,36065.041726673793,25082.202538258698,17446.303017279148,25083.892167970411,-6.7359152255863641e-05,1
0.038194444444444448,1,58212.257219419655,44210.733158227675,33599.926644073334,44225.869944619844,-0.00034226090772493389,1
0.040208333333333332,0,28389.426631771792,18871.814188110395,12540.92934364549,18868.751773650998,0.0001623008504290091,1
0.040208333333333332,0.5,34338.86739161404,23864.702589566328,16588.714989609085,23867.083697541821,-9.976535070921333e-05,1
0.040208333333333332,1,55373.676216118423,42013.159118550138,31901.232321872081,42029.614672115618,-0.00039152282726961918,1
0.042222222222222223,0,27114.474813167366,18013.199019069136,11963.363595969631,18010.561371142263,0.00014645006740865441,1
0.042222222222222223,0.5,32781.910282435914,22765.73107763091,15814.120341204194,22768.774104483549,-0.00013364913010582846,1
0.042222222222222223,1,52816.527719499463,40031.434017499363,30368.038995096864,40049.149471260615,-0.00044234282113686518,1
0.044236111111111115,0,25975.719258074787,17245.670817604336,11446.691535700935,17243.434859828492,0.00012967009148812103,1
0.044236111111111115,0.5,31391.111991403282,21783.09252346999,15120.944175428149,21786.767819633598,-0.00016869396112517698,1
0.044236111111111115,1,50533.75940861331,38260.021643516629,28996.003735019905,38278.937766828756,-0.00049416531428725374,1
0.046249999999999999,0,24967.204853086863,16565.217515796285,10988.210023498652,16563.359883351968,0.00011215311732648559,1
0.046249999999999999,0.5,30158.846933262648,20911.397758704759,14505.37826960585,20915.675531574805,-0.00020452472900467367,1
0.046249999999999999,1,48511.074378229707,36687.849340868954,27776.552269422162,36707.906411462958,-0.00054639647298815319,1
0.048263888888888891,0,24081.445241634468,15966.803836574953,10584.532101321751,15965.300817908254,9.4142834127675101e-05,1
0.048263888888888891,0.5,29075.645627008977,20143.969222726333,13962.71397834918,20148.819410222659,-0.00024071819780491222,1
0.048263888888888891,1,46731.285447961563,35301.637734348558,26699.424974663933,35322.775227711856,-0.00059840975764313686,1
0.050277777777777775,0,23307.506257299014,15443.098407240215,10230.741671436721,15441.925900735994,7.5930069329377403e-05,1
0.050277777777777775,0.5,28127.934838177905,19471.274006147738,13486.255685896378,19476.666068501036,-0.00027684729687993404,1
0.050277777777777775,1,45170.958428893769,34083.366912821934,25750.764059008707,34105.522907906488,-0.00064963071067347666,1
0.052291666666666667,0,22629.106345074655,14983.211588245624,9919.5549641259804,14982.345082763914,5.7835103711934011e-05,1
0.052291666666666667,0.5,27295.813186873605,18879.381010407884,13066.250663077311,18885.283613232332,-0.00031255039348798697,1
0.052291666666666667,1,43797.183170115721,33007.839622720712,24911.274404953911,33030.949851840196,-0.00069965378601410944,1
0.054305555555555558,0,22030.903125513465,14576.887560665471,9644.1158524604834,14576.302071402939,4.0167201507124162e-05,1
0.054305555555555558,0.5,26560.585810018412,18355.213444182558,12693.550792607306,18361.594295182364,-0.00034751072794803051,1
0.054305555555555558,1,42579.326402059873,32051.625175755256,24163.030727373578,32075.622709525716,-0.00074815488346957615,1
0.056319444444444443,0,21496.691987022896,14213.304872745999,9397.1972925744049,14212.974908151968,2.3215730426962011e-05,1
0.056319444444444443,0.5,25902.633487733463,17885.066576214307,12358.581514392832,17891.892225127991,-0.00038149396541176106,1
0.056319444444444443,1,41485.828797202288,31190.630367858797,23487.635377944986,31215.445217720946,-0.00079495421862707527,1
0.058333333333333334,0,21010.156519372209,13881.576599111999,9171.5346973433243,13881.476128785305,7.237726432185454e-06,1
0.058333333333333334,0.5,25302.313692867196,17455.235168245701,12051.778772076699,17462.470817387853,-0.00041435425821567673,1
0.058333333333333334,1,40485.608518850553,30401.164606221409,22867.02678630469,30426.723360565808,-0.0008400100806622568,1
0.060347222222222226,0,20556.324756101887,13571.721245029887,8960.4732428680545,13571.823678074998,-7.5474783302054149e-06,1
0.060347222222222226,0.5,24741.697949607282,17053.223944775775,11764.432461767308,17060.833347688545,-0.00044601589838522138,1
0.060347222222222226,1,39550.723559963975,29661.962668449669,22285.016599671399,29688.188409918377,-0.00088337291270845775,1
0.06236111111111111,0,20121.481003433521,13274.604890834971,8757.9299673290225,13274.883105587487,-2.0957981347380361e-05,1
0.06236111111111111,0.5,24204.466303074132,16667.67509412107,11488.636706012361,16675.62052875205,-0.0004764701030033347,1
0.06236111111111111,1,38656.197229236095,28954.053092765844,21727.190524262274,28980.865448482935,-0.00092517443154871426,1
0.064375000000000002,0,19693.440017687077,12982.121930426052,8558.5129255707598,12982.548322279694,-3.284346362952828e-05,1
0.064375000000000002,0.5,23676.213081593596,16288.577380886634,11217.432880131844,16296.819662083633,-0.00050576010337621824,1
0.064375000000000002,1,37780.381016851024,28261.022430693702,21181.100454195846,28288.337623757874,-0.00096559908989601873,1
0.066388888888888886,0,19262.256875972333,12687.6685761599,8357.8370486842177,12688.215168386525,-4.3078732459345126e-05,1
0.066388888888888886,0.5,23145.281384680762,15907.847692747151,10945.215000359176,15916.346345789974,-0.00053395753385776512,1
0.066388888888888886,1,36906.171413428085,27569.939853178133,20636.967329003921,27597.671164385119,-0.0010048424391247979,1
0.068402777777777771,0,18820.409954400551,12386.261679985359,8152.6012839486575,12386.900272412224,-5.1553852281172041e-05,1
0.068402777777777771,0.5,22602.947585688838,15519.454110679455,10667.811756827954,15528.167631551942,-0.00056114289072850543,1
0.068402777777777771,1,36021.134979330607,26871.438563778858,20087.732808940695,26899.496927258337,-0.0010430813466643096,1
0.070416666666666669,0,18362.575975844273,12074.386761030799,7940.485928055421,12075.089073751795,-5.816211513687275e-05,1
0.070416666666666669,0.5,22043.133471388861,15119.212050118871,10382.342185052548,15128.098179571165,-0.00058739237059513005,1
0.070416666666666669,1,35116.975910503315,26159.303054697528,19528.739445291529,26187.59768789032,-0.001080459289546698,1
0.072430555555555554,0,17886.28272132271,11750.430013934643,7720.4385857594807,11751.167911212186,-6.2793526832138902e-05,1
0.072430555555555554,0.5,21463.145680672671,14705.294605928108,10087.568040627995,14714.310803421833,-0.00061275024118889743,1
0.072430555555555554,1,34190.501529273213,25431.194185192926,18958.27555630841,25459.633724787669,-0.0011170443338724967,1
0.074444444444444438,0,17390.85939230747,11413.976462363813,7492.2048066083462,11414.722087291304,-6.5321338687751584e-05,1
0.074444444444444438,0.5,20862.413950795017,14277.350148128327,9783.2765429302108,14286.453899891074,-0.00063722963210732786,1
0.074444444444444438,1,33241.645522453655,24687.13824376831,18376.419988832375,24715.631475657214,-0.0011528425610718429,1
0.076458333333333323,0,16878.280811540404,11066.368713714463,7256.6979299871819,11067.094714822297,-6.5599972399410511e-05,1
0.076458333333333323,0.5,20243.449623608143,13837.164182678218,9470.7375614011235,13846.313542695654,-0.00066077949117815393,1
0.076458333333333323,1,32274.74346784125,23930.487320156863,17785.765628884958,23958.944531247827,-0.0011877489450276002,1
0.078472222222222221,0,16351.742345805098,10709.75785329198,7015.3668761800109,10710.437508364965,-6.345726516343575e-05,1
0.078472222222222221,0.5,19610.16126111232,13387.487309853919,9151.8878226343186,13396.641222540413,-0.00068329908478037549,1
0.078472222222222221,1,31296.01790741357,23166.009703105628,17189.968786897771,23194.343512646203,-0.0012215827330972484,1
0.080486111111111105,0,15816.260210431879,10347.498643608405,6770.4563122686104,10348.106047881485,-5.8697144218355923e-05,1
0.080486111111111105,0.5,18968.52143388008,12932.492418574257,8829.6444699246549,12941.611197270089,-0.00070460922962634065,1
0.080486111111111105,1,30314.418419406658,22400.516622592098,16594.216963257797,22428.643212789593,-0.001254047778576961,1
0.08249999999999999,0,15277.416382422931,9983.3174879180169,6524.454986540035,9983.8276977193327,-5.1103626461102003e-05,1
0.08249999999999999,0.5,18325.10867364498,12476.766187099509,8507.2072845840612,12485.811867845325,-0.00072447677744613692,1
0.08249999999999999,1,29339.543435757354,21641.29701725562,16004.049417979981,21669.137108958235,-0.0012847808181114528,1
0.084513888888888888,0,14741.533401122768,9621.423029619622,6280.1655361743387,9621.8122002091732,-4.0446703952756735e-05,1
0.084513888888888888,0.5,17687.272743463152,12025.415197096559,8188.1264073362518,12034.351873886244,-0.00074259726517356128,1
0.084513888888888888,1,28381.746178353653,20896.181056019075,15425.392638789692,20923.660735530339,-0.0013133303898681392,1
0.086527777777777773,0,14214.992362945164,9266.0589724252422,6040.4112853202723,9266.3045649209835,-2.6503822966428281e-05,1
0.086527777777777773,0.5,17062.372726104557,11583.546989921169,7875.9488891624223,11592.341244055853,-0.00075862622998557061,1
0.086527777777777773,1,27451.163716580741,20172.827346225829,14864.037342573769,20199.879271430367,-0.0013392122220650116,1
0.088541666666666657,0,13703.691758171986,8921.1380381096969,5807.7887339653007,8921.2188969245908,-9.0636510355901478e-06,1
0.088541666666666657,0.5,16457.116568982226,11155.801583063725,7573.8864460869891,11164.422605915996,-0.00077218707644599593,1
0.088541666666666657,1,26556.671747897522,19477.909632218278,14325.005730406612,19504.473204092425,-0.00136192203686758,1
0.090555555555555542,0,13213.270390735519,8590.3970583503906,5584.7752279819388,8590.2936596374257,1.2036691300787439e-05,1
0.090555555555555542,0.5,15877.856976829828,10746.568095834493,7284.9736499679648,10754.988130824009,-0.00078289579561541256,1
0.090555555555555542,1,25706.446134532813,18817.567896531797,13812.912871350531,18843.590440475175,-0.0013809758827851848,1
0.09256944444444444,0,12748.198906537709,8276.7895588737701,5373.3228386204783,8276.4840563959096,3.6912108545061884e-05,1
0.09256944444444444,0.5,15329.53176959458,10359.243409210641,7011.5491431281362,10367.437742453842,-0.00079039136252967435,1
0.09256944444444444,1,24906.437542530999,18196.238271114682,13331.068782947012,18221.674786299267,-0.001395948258483326,1
0.094583333333333325,0,12312.166565107871,7982.7455995001301,5175.0329167056316,7982.2219494571655,6.5602039918344346e-05,1
0.094583333333333325,0.5,14816.129724567125,9996.55999613526,6755.4863575402223,10004.507095597433,-0.00079435192421128953,1
0.094583333333333325,1,24161.106147833845,17617.220169473676,12881.916266246997,17642.033507969005,-0.0014064897044958613,1
0.096597222222222209,0,11907.950349273158,7710.0871853757117,4991.1014628616249,7709.3312555591265,9.8053876727677292e-05,1
0.096597222222222209,0.5,14340.563096943388,9660.5013793925173,6518.1375249049634,9668.1829963263535,-0.00079452539704250036,1
0.096597222222222209,1,23473.32913352122,17082.61430694702,12466.990029504113,17106.775273758565,-0.0014123624368064247,1
0.098611111111111108,0,11536.738553743249,7459.5765714537947,4822.0175012472901,7458.5759507740013,0.00013415706783681536,1
0.098611111111111108,0.5,13903.896294740869,9351.7632580647787,6299.9570771844983,9359.1639510424247,-0.00079074295699477215,1
0.098611111111111108,1,22843.357701191457,16592.522877640753,12086.303069998763,16616.008675761765,-0.0014134440213232624,1
0.10062499999999999,0,11199.362243296713,7231.7390808217506,4668.1128691273261,7230.483179840201,0.00017369530504551811,1
0.10062499999999999,0.5,13506.778021905246,9070.7543835743636,6101.2013105733904,9077.8616297491644,-0.0007829207433069918,1
0.10062499999999999,1,22270.868359562268,16146.61997723525,11739.549436287705,16169.414339923907,-0.0014097209836707592,1
0.10263888888888888,0,10895.129962662682,7026.0885054406972,4529.0472831401894,7024.5682256532109,0.00021642323608372926,1
0.10263888888888888,0.5,13148.136970065458,8816.6913453149791,5921.2998764603526,8823.494875418266,-0.00077106976309815334,1
0.10263888888888888,1,21753.291951513438,15742.883953355842,11425.141953958797,15764.975373020739,-0.0014012974420944957,1
0.10465277777777778,0,10622.630210310866,6841.6605972417037,4404.1630548281782,6839.8680921018349,0.00026206720886023938,1
0.10465277777777778,0.5,12826.095106281236,8588.2322275551578,5759.2955937583229,8594.7235575515006,-0.00075526920125768005,1
0.10465277777777778,1,21287.039303577683,15378.524851231581,11140.91439818535,15399.905281266054,-0.001388348151756591,1
0.10666666666666666,0,10380.046947105173,6677.2245758399886,4292.6268684365878,6675.1530634717919,0.0003103318153905299,1
0.10666666666666666,0.5,12538.342031702448,8383.7392340723163,5614.0287098848676,8389.9113308981832,-0.00073565697925037643,1
0.10666666666666666,1,20868.065883524552,15050.41818761825,10884.454805355137,15071.082243302781,-0.0013711062915680028,1
0.10868055555555554,0,10164.506797229316,6530.851587638309,4193.1444756503151,6528.4948896749693,0.00036098641465853731,1
0.10868055555555554,0.5,12281.430163666078,8200.7932979827947,5483.8024517654148,8206.6398021783407,-0.00071241145419764784,1
0.10868055555555554,1,20491.070206455151,14754.504306791057,10652.655095704726,14774.447653000019,-0.0013498539287126743,1
0.11069444444444444,0,9972.9655918666758,6400.5003717799273,4104.3476626172978,6397.8526097699942,0.00041385167358964914,1
0.11069444444444444,0.5,12051.744486263669,8036.8608952956974,5366.8417452474987,8042.3756074891353,-0.00068570686854052543,1
0.11069444444444444,1,20150.635625630999,14486.639335557733,10442.345548914489,14505.857445635731,-0.0013248517124908599,1
0.11270833333333333,0,9802.1145046938109,6283.9588793710927,4024.7580819906275,6281.0142153448414,0.00046881983152613493,1
0.11270833333333333,0.5,11845.431132735013,7889.2507466236448,5261.2674569269484,7894.4272326704013,-0.00065571394785102211,1
0.11270833333333333,1,19841.27199989642,14242.639556536131,10250.338077021759,14261.127089998321,-0.0012963585097811592,1
0.11472222222222221,0,9648.2621828574665,6178.7676766450104,3952.7374934717568,6175.520032922439,0.00052588991781377104,1
0.11472222222222221,0.5,11658.283188252461,7755.0371271504,5165.0448997182812,7759.8683056450609,-0.00062258511412449646,1
0.11472222222222221,1,19557.332780532943,14018.222762027508,10073.384863684729,14035.973069419366,-0.0012646296273203239,1
0.11673611111111111,0,9507.7019256823551,6082.4576115318623,3886.6415529794826,6078.9003428005035,0.00058518293289200329,1
0.11673611111111111,0.5,11486.105972951951,7631.3030882186722,5076.1456343792506,7635.7806863880969,-0.00058639690600426064,1
0.11673611111111111,1,19293.29505513575,13809.198365519778,9908.3058814452579,13826.202257570958,-0.0012298309929517082,1
0.11874999999999999,0,9376.9049332160685,5992.6835021717134,3824.9121213973108,5988.8093424526705,0.00064689982557641912,1
0.11874999999999999,0.5,11324.965697620815,7515.3208547082695,4992.6781096055238,7519.4353731211031,-0.00054718449041279982,1
0.11874999999999999,1,19044.186351862416,13611.805563715468,9752.2564163843399,13628.051531483483,-0.00119209761795247,1
0.12076388888888888,0,9252.5471360812262,5907.2427267203357,3766.0901171611672,5903.0438188923654,0.00071131232577537062,1
0.12076388888888888,0.5,11171.222615691471,7404.5758057053235,4912.9049798012065,7408.3166251921557,-0.00050494865110262133,1
0.12076388888888888,1,18805.629430646848,13422.74832992232,9602.7543851065893,13438.22311467679,-0.0011515499201355528,1
0.12277777777777778,0,9131.3344365000648,5823.9522666175098,3708.7293157693462,5819.419878024094,0.00077883855924043566,1
0.12277777777777778,0.5,11021.295663674369,7296.5928152410506,4835.1154314149981,7299.9477215675415,-0.0004595795003543568,1
0.12277777777777778,1,18573.401954386612,13238.84192342003,9457.3973756894866,13253.529450717719,-0.0011081974316580201,1
0.12479166666666666,0,9010.4971009542332,5740.9803664101382,3651.6187916701374,5736.1049969586311,0.00084994424859585749,1
0.12479166666666666,0.5,10872.219743076999,7189.327411776062,4757.8997987043313,7192.2828175103978,-0.00041091344838950494,1
0.12479166666666666,1,18344.148428574961,13057.560803013866,9314.284471230696,13071.442798950187,-0.0010620094621410781,1
0.12680555555555556,0,8888.027185496092,5657.0058893709484,3593.8898413793759,5651.7776506032269,0.00092506094381894499,1
0.12680555555555556,0.5,10721.90659783615,7081.3490618035767,4680.2783607867959,7083.8906990600663,-0.00035879114521442101,1
0.12680555555555556,1,18115.685093667413,12877.273907518758,9172.1978644056962,12890.331575579519,-0.0010129815501020989,1
0.12881944444444443,0,8761.9821152150398,5570.7505311236373,3534.7018445672338,5565.1589685035697,0.0010047444559468932,1
0.12881944444444443,0.5,10568.354421532496,6971.2855774547788,4601.3107391932217,6973.3982171820389,-0.00030295698904081458,1
0.12881944444444443,1,17885.969917010341,12696.451349404373,9029.9916959053644,12708.664753773959,-0.00096102970738598525,1
0.13083333333333333,0,8630.8366568346919,5481.2123547215133,3473.3971910828636,5475.2464602558875,0.0010896120401029386,1
0.13083333333333333,0.5,10410.023791296557,6858.0834319455262,4520.2762226166242,6859.7509445074747,-0.00024308645830406483,1
0.13083333333333333,1,17653.52228645339,12513.982527134123,8886.8333336078449,12525.330746564858,-0.00090602153830121601,1
0.13284722222222223,0,8494.2777689784707,5388.1942542653887,3409.8525735731114,5381.8430775335792,0.0011801118390690757,1
0.13284722222222223,0.5,10246.684880029408,6741.5960580675328,4437.0824367687992,6742.8024972026951,-0.00017892250820972233,1
0.13284722222222223,1,17418.358662201685,12329.888054286606,8742.7454168974782,12340.351508925516,-0.00084790572062243275,1
0.1348611111111111,0,8352.2117626001873,5291.6441788137172,3344.0405967611714,5284.8968965232616,0.00127671029777221,1
0.1348611111111111,0.5,10078.342505593682,6621.8382934786268,4351.7480643791359,6622.5680435060294,-0.00011019139744716799,1
0.1348611111111111,1,17180.748938180946,12144.377265636911,8597.8911494377007,12153.93801351221,-0.00078663786705757133,1
0.136875,0,8204.6167828867328,5191.556648875222,3275.9640373833131,5184.4025230732723,0.0013799325515544414,1
0.136875,0.5,9905.0733876680843,6498.8728822573212,4264.323663781217,6499.1106190403161,-3.6579894839516847e-05,1
0.136875,1,16941.021609627365,11957.699792005684,8452.461162016014,11966.34142920255,-0.00072216201150476778,1
0.1388888888888889,0,8052.2903367409372,5088.4652982836296,3205.9802801190222,5080.8940187121007,0.0014901471165595925,1
0.1388888888888889,0.5,9727.7910044754572,6373.3353322816774,4175.251930304622,6373.0666220459434,4.2163412320883609e-05,1
0.1388888888888889,1,16700.331863532156,11770.721009808893,8307.1048963304474,11778.429801713442,-0.00065448383480015693,1
0.14090277777777779,0,7896.5364532030289,4983.2372192627463,3134.6661580440145,4975.239249083048,0.0016075548891789637,1
0.14090277777777779,0.5,9547.9182566544878,6246.2103039801177,4085.214929189859,6245.4221798665722,0.00012619228786259207,1
0.14090277777777779,1,16460.315342583814,11584.665852704295,8162.7410239691508,11591.431806053026,-0.00058370298526866371,1
0.14291666666666666,0,7738.6585385666194,4876.7390131873281,3062.59811390818,4868.3057673479752,0.001732275301176589,1
0.14291666666666666,0.5,9366.8642042892643,6118.4729794146533,3994.8882440949692,6117.154215298905,0.00021558457892889571,1
0.14291666666666666,1,16222.551555222244,11400.718200075324,8020.2581973899514,11406.535499149262,-0.00050999701656762042,1
0.14493055555555556,0,7580.0075407098284,4769.8666341014132,2990.3705788436605,4760.9906046065416,0.0018643240938731598,1
0.14493055555555556,0.5,9186.0593044182533,5991.1104495408317,3904.9536937039579,5989.2517238275823,0.00031034356192694013,1
0.14493055555555556,1,15988.55563783274,11220.009765525572,7880.5029563207072,11224.876835459667,-0.00043359673388299047,1
0.14694444444444446,0,7422.1118017823101,4663.6269926476216,2918.6470451555797,4654.3017391533922,0.0020035773391704481,1
0.14694444444444446,0.5,9007.0605726539161,5865.1881846707774,3816.140958490922,5862.7819989245127,0.00041041705912081561,1
0.14694444444444446,1,15759.800772274271,11043.6274424642,7744.278064906669,11047.546308027988,-0.00035472723576102094,1
0.14895833333333333,0,7266.5298002194004,4559.0461247301,2848.1030866356996,4549.2665291379844,0.0021497082066916917,1
0.14895833333333333,0.5,8831.4341502040388,5741.7772514842454,3729.183104372225,5738.8182599135143,0.00051560991073729134,1
0.14895833333333333,1,15537.709320365335,10872.620743169316,7612.3588065832146,10875.597380328731,-0.00027369872709692711,1
0.15097222222222223,0,7114.8079913225974,4457.1426214911617,2779.4096746680816,4446.9052344847432,0.0023021374341485323,1
0.15097222222222223,0.5,8660.7185697102796,5621.9308619773965,3644.8017184329374,5618.4163183003875,0.00062553991692659849,1
0.15097222222222223,1,15323.636439544329,10707.992356393863,7485.4880498724406,10710.037229104246,-0.0001909304950711288,1
0.15298611111111113,0,6968.2447582751856,4358.7686453095839,2713.1261185112371,4348.0716247384225,0.0024601757961622006,1
0.15298611111111113,0.5,8496.1645314109228,5506.5006914334954,3563.5772248812286,5502.430228815233,0.00073975724343511295,1
0.15298611111111113,1,15118.53410304134,10550.436734456691,7364.1728902006289,10551.563816856282,-0.00010681662160738625,1
0.155,0,6827.6988516616639,4264.480921387225,2649.6131993954573,4253.323523888108,0.0026232186280805703,1
0.155,0.5,8338.5292602856916,5395.9916672590771,3485.84632311826,5391.3663910163723,0.00085790426902021544,1
0.155,1,14922.700470294832,10400.14465369921,7248.5323145216571,10400.369059743007,-2.1576738527984141e-05,1
0.1570138888888889,0,6693.9796714067434,4174.8036564969179,2589.2102594088246,4163.1863808242424,0.0027904769592312917,1
0.1570138888888889,0.5,8188.5088228531085,5290.8670989382126,3411.9173950198842,5285.6897082562764,0.0009795108997505686,1
0.1570138888888889,1,14736.344366327741,10257.241610831643,7138.6376472978054,10256.579482313397,6.4556465378062811e-05,1
0.1590277777777778,0,6567.8889237481326,4090.2566445315051,2532.2541608485139,4078.1814642254553,0.0029609227573552666,1
0.1590277777777778,0.5,8046.7834976112099,5191.5807454828046,3342.0931729820049,5185.8557820123269,0.0011039573237525691,1
0.1590277777777778,1,14559.642806614191,10121.832420318029,7034.5471204709602,10120.301051863704,0.00015131649211586051,1
0.16104166666666667,0,6449.8981582688293,4011.1416043853478,2478.9377428860757,3998.6117568856303,0.0031335494070263703,1
0.16104166666666667,0.5,7913.6989784663147,5098.3566372644555,3276.5185804784101,5092.0901153905252,0.0012306384474598531,1
0.16104166666666667,1,14392.467436221616,9993.7953169393531,6936.1507194147998,9991.4124808208489,0.00023848841423346201,1
0.16305555555555556,0,6339.8759508673347,3937.3613083547689,2429.1899363023699,3924.3805698800861,0.0033077165283894594,1
0.16305555555555556,0.5,7789.0027260605621,5011.0067623611712,3215.0545789877506,5004.205119713728,0.0013591854220060817,1
0.16305555555555556,1,14234.175994681103,9872.6245157069989,6843.0511645519573,9869.4070043159154,0.00032600858285380951,1
0.16506944444444446,0,6237.6273381481133,3868.7768763971503,2382.912376564193,3855.3494503700053,0.0034828038806848927,1
0.16506944444444446,0.5,7672.3813128876891,4929.3018403126016,3157.5341528963127,4921.9717623617398,0.0014892564006390163,1
0.16506944444444446,1,14084.084696035858,9757.7845205971189,6754.8299511957366,9753.7478509525008,0.00041385831439377796,1
0.16708333333333333,0,6142.9590444355499,3805.2509811343803,2340.0080168014856,3791.3814646989003,0.0036581696050943524,1
0.16708333333333333,0.5,7563.5250152170956,4853.0158843195677,3103.7930710184723,4845.1642422838158,0.0016205110174039028,1
0.16708333333333333,1,13941.523590648891,9648.7515612275529,6671.0783976223993,9643.9098324030838,0.00050205040368589415,1
0.16909722222222223,0,6055.5656333018451,3746.5736566278088,2300.3328149756203,3732.2669169718902,0.0038332573672212877,1
0.16909722222222223,0.5,7462.03168814524,4781.8617186097254,3053.6266407144808,4773.4954443024199,0.0017526515747052773,1
0.16909722222222223,1,13805.825282900527,9545.0093058244838,6591.3975387252185,9539.3753878218322,0.00059059611071021756,1
0.1711111111111111,0,5974.7500244799339,3692.2800407081377,2263.5769658743707,3677.5408267305629,0.0040078994828396386,1
0.1711111111111111,0.5,7367.1730988971804,4715.3340481593223,3006.6843273146487,4706.4598046799729,0.0018855453669284206,1
0.1711111111111111,1,13676.306242899733,9446.044779053811,6515.4024478063802,9439.6313048730135,0.0006794199872495188,1
0.173125,0,5899.7337898515489,3641.8523496067642,2229.3962728828487,3626.6850596786107,0.0041821359391756019,1
0.173125,0.5,7278.1604137082086,4652.8871315272645,2962.5886044529952,4643.5110749337982,0.0020191739487991356,1
0.173125,1,13552.309263170971,9351.3676452898326,6442.727312360922,9344.1871254482885,0.00076844777883233739,1
0.1751388888888889,0,5829.7434693632731,3594.7761076905322,2197.4487519817962,3579.1846154014397,0.0043561576069592878,1
0.1751388888888889,0.5,7194.2181839901459,4593.9843898067229,2920.9682078783158,4584.1119746331769,0.0021536156246131366,1
0.1751388888888889,1,13433.215758066761,9260.5161842812195,6373.0274943113654,9252.5809028171243,0.00085762897373631297,1
0.17715277777777777,0,5764.0117056073541,3550.5411076176729,2167.395405541823,3534.5286090542068,0.0045303066786466228,1
0.17715277777777777,0.5,7114.5873298832603,4538.1007313788568,2881.4599244562814,4527.7365504303625,0.0022890424018837674,1
0.17715277777777777,1,13318.450621064369,9173.0612251722378,6305.9827059570689,9164.3831918233918,0.00094693043352744866,1
0.17916666666666667,0,5701.7792193577634,3508.6454788469409,2138.9047428994754,3492.2145717653129,0.0047050107443202815,1
0.17916666666666667,0.5,7038.5443868918464,4484.7391813666218,2843.7223857816184,4473.8871506020241,0.0024256380188618643,1
0.17916666666666667,1,13207.51171304886,9088.6308619590418,6241.3175599036995,9079.2221460478449,0.001036290968526643,1
0.18118055555555557,0,5642.2923563141094,3468.59309631219,2111.6504227372429,3451.7457958861633,0.0048808056624869423,1
0.18118055555555557,0.5,6965.3928313784218,4433.4235668989895,2807.4300996858847,4422.0870062616441,0.0025636222492440019,1
0.18118055555555557,1,13099.949940218848,9006.8938936022751,6178.7879163611096,8996.7667745451563,0.0011256398338312934,1
0.18319444444444444,0,5584.8019047687039,3429.8904583293615,2085.307636404335,3412.628028341157,0.0050583977640821232,1
0.18319444444444444,0.5,6894.4479173913414,4383.6851575305136,2772.2622267145148,4371.8665962532032,0.0027033215714860059,1
0.18319444444444444,1,12995.342802374331,8927.5375846778243,6118.1623551911671,8916.7043870642647,0.0012149329105577422,1
0.18520833333333334,0,5528.564485278911,3392.0475589703583,2059.5536534427501,3374.3703388854665,0.0052386721994275298,1
0.18520833333333334,0.5,6825.0384515354708,4335.0638595225282,2737.9033842976205,4322.7648414435353,0.0028451739870460901,1
0.18520833333333334,1,12893.297225189828,8850.2699363993397,6059.2239925907843,8838.7428908456423,0.0013041498882873093,1
0.18722222222222223,0,5472.8974601532145,3354.6146369999942,2034.0924033518918,3336.5220137175056,0.0054225997035548534,1
0.18722222222222223,0.5,6756.5601670749093,4287.145561926528,2704.0697874214538,4274.3666448589211,0.0029896632950234814,1
0.18722222222222223,1,12793.489690147677,8774.8505021433502,6001.7941644918628,8762.641825717581,0.0013932643452272409,1
0.1892361111111111,0,5417.3968034845821,3317.3279725108982,2008.7519893057452,3298.8189713681227,0.0056107962587286231,1
0.1892361111111111,0.5,6688.6827696096452,4239.7069340176249,2670.6105497341264,4226.4484816858221,0.0031370197434690272,1
0.1892361111111111,1,12695.810836097446,8701.2010139048034,5945.8171466924186,8688.3237601065266,0.0014821332806915777,1
0.19125,0,5361.7463116244135,3279.9821913101232,1983.3992626407576,3261.0556083793886,0.0058038209719890599,1
0.19125,0.5,6621.1626124215454,4192.584456328208,2637.416085648189,4178.8468241481369,0.0032874218075393813,1
0.19125,1,12600.217890825788,8629.2927603138614,5891.27412219088,8615.7609991334193,0.001570582236647855,1
0.1932638888888889,0,5305.6307194990704,3242.3721226108987,1957.9009336743829,3223.0264254949443,0.0060023389702688057,1
0.1932638888888889,0.5,6553.7590492946256,4145.615956213991,2604.377232989139,4131.3993825917469,0.0034411036807886486,1
0.1932638888888889,1,12506.673249753183,8559.0997871863292,5838.1474854420467,8544.928494978285,0.0016584447975629413,1
0.19527777777777777,0,5248.7365339203789,3204.2933628158585,1932.1239527245466,3184.5265862806014,0.0062071318921987917,1
0.19527777777777777,0.5,6486.2356997733223,4098.6415205469266,2571.385910864461,4083.9460198370898,0.0035983582149361482,1
0.19527777777777777,1,12415.146624326349,8490.6006644148438,5786.4222865856809,8475.8056324004374,0.001745560558615189,1
0.19729166666666667,0,5190.8398421304755,3165.5998234819217,1905.9731864935286,3145.4096004309181,0.0064189487589272343,1
0.19729166666666667,0.5,6418.4273823495805,4051.5487272692462,2538.3656848660112,4036.3740929404144,0.003759471738601361,1
0.19729166666666667,1,12325.599483898783,8423.7643344542466,5736.0737706328846,8408.3617849684615,0.0018318133638492995,1
0.19930555555555557,0,5132.0823787944937,3126.384704585299,1879.5099280186053,3105.7687908718499,0.0066379421977711406,1
0.19930555555555557,0.5,6350.4463644578955,4004.4120039393492,2505.3659278746754,3988.7581962696627,0.0039244814800571959,1
0.19930555555555557,1,12237.921696705831,8358.4945424477592,5687.0197125729865,8342.4997410902397,0.0019172672285188153,1
0.20131944444444444,0,5072.6988436302127,3086.8020034698875,1852.835183244151,3065.7584528922002,0.0068640601994702788,1
0.20131944444444444,0.5,6282.4713527234635,3957.3504330617084,2472.4660226016085,3941.2176998456616,0.0040933372487084174,1
0.20131944444444444,1,12151.969128774956,8294.6665897702442,5639.1543718959083,8278.093369833141,0.002002057623256448,1
0.20333333333333334,0,5012.920540928877,3047.0034036209718,1826.0483797533527,3025.530603314975,0.0070972014900361202,1
0.20333333333333334,0.5,6214.6737343202267,3910.477994391284,2439.7418000387624,3893.8668805217326,0.004265968606334436,1
0.20333333333333334,1,12067.579955169856,8232.1424967174426,5592.3620486984164,8215.0031138719387,0.0020863513510496201,1
0.20534722222222224,0,4952.9750072820943,3007.1380280698868,1799.2472035432024,2985.2347363434724,0.0073372091848438181,1
0.20534722222222224,0.5,6147.2170937598439,3863.9032296113655,2407.2653064231263,3846.8145836340059,0.0044422848062555254,1
0.20534722222222224,1,11984.574378364949,8170.7707760107314,5546.5169018069018,8153.0757601388159,0.0021703485153943269,1
0.20736111111111111,0,4893.0918259805521,2967.3561484718525,1772.5299601873871,2945.0215380364434,0.0075838530030922779,1
0.20736111111111111,0.5,6080.2627853914473,3817.733030928629,2375.1073777631414,3800.1680226434587,0.0046221662254164464,1
0.20736111111111111,1,11902.774378522832,8110.4019997303294,5501.4951876867508,8092.1601543447296,0.0022542615368044139,1
0.20937500000000001,0,4833.5447374799214,2927.8361929000712,1746.0128683724436,2905.0699322897285,0.0078367341031266857,1
0.20937500000000001,0.5,6014.0115061559909,3772.101087160841,2343.357099946254,3754.0613423476589,0.004805394256530926,1
0.20937500000000001,1,11822.141748160766,8050.9977149836159,5457.2609745752925,8032.2171782226524,0.0023381510166187169,1
0.2113888888888889,0,4774.6274509473906,2888.7695042891419,1719.8204899034058,2865.5718664508468,0.0080952908945977065,1
0.2113888888888889,0.5,5948.6810495273967,3727.1530887448416,2312.1119834214146,3708.640821131668,0.0049916582667406395,1
0.2113888888888889,1,11742.704508504034,7992.5725982725653,5413.8207594970727,7973.2614055215199,0.0024219941839198622,1
0.21340277777777777,0,4716.6309357976543,2850.34584924809,1694.0765020601607,2826.717820587126,0.0083588211348439856,1
0.21340277777777777,0.5,5884.4841805880096,3683.0317112615012,2281.4677743362377,3664.049812243677,0.0051805788650565177,1
0.21340277777777777,1,11664.486018273703,7935.1385589717938,5371.1795006838456,7915.3046806402244,0.0025057630921119234,1
0.21541666666666667,0,4659.8423470230391,2812.7526992759376,1668.9032172720067,2788.6960904564498,0.0086264720282052121,1
0.21541666666666667,0.5,5821.6272653902734,3639.8756399832992,2251.5177600543475,3620.427762080446,0.0053717072072383409,1
0.21541666666666667,1,11587.503324507099,7878.7033900701754,5329.3395193568367,7858.3547513442281,0.0025894273508670906,1
0.21743055555555557,0,4604.5429643843645,2776.1738560911745,1644.4206668923268,2751.6914093385017,0.0088972355946550508,1
0.21743055555555557,0.5,5760.3082811410441,3597.8181698247981,2222.3517833207325,3577.9087999935077,0.0055645269189998903,1
0.21743055555555557,1,11511.766461949093,7823.2701775625574,5288.3000060940167,7802.4146679651867,0.002672955807257793,1
0.21944444444444444,0,4550.9262958882355,2740.7352286967362,1620.7107272827552,2715.8304561992154,0.0091702235832404888,1
0.21944444444444444,0.5,5700.6576957755969,3556.9466258281877,2194.0283722844733,3536.5809371783771,0.0057585812431764083,1
0.21944444444444444,1,11437.298107126719,7768.8536197609856,5248.070436453716,7747.4993429441338,0.0027562799132470062,1
0.22145833333333334,0,4499.0467806299202,2706.4708630632463,1597.7946409649508,2681.1476713417151,0.009444907489507548,1
0.22145833333333334,0.5,5642.7045353695448,3517.2790805915211,2166.5587532961899,3496.4626271946622,0.0059535752605943681,1
0.22145833333333334,1,11364.15471747212,7715.4969704456853,5208.6840912981779,7693.6527012822826,0.0028392585435734752,1
0.22347222222222224,0,4448.9466526850911,2673.4069097652246,1575.6885518173578,2647.6695995312657,0.0097207409257240585,1
0.22347222222222224,0.5,5586.470038430456,3478.8285773742646,2139.9509142887005,3457.5673046790694,0.0061491999494622807,1
0.22347222222222224,1,11292.402439146143,7663.2514240333312,5170.1806971700662,7640.9267183732081,0.0029217274923527548,1
0.22548611111111111,0,4400.6686096984549,2641.5700027342305,1554.4090425611405,2615.4233080383451,0.0099971177191566785,1
0.22548611111111111,0.5,5531.9766268226385,3441.6092614566205,2114.2137972597534,3419.9095471294108,0.0063451135265912839,1
0.22548611111111111,1,11222.113565090109,7612.1731482790365,5132.6039680245567,7589.3784076038601,0.0030035056167891927,1
0.22750000000000001,0,4354.2553710823013,2610.9869596200947,1533.9729318262346,2584.4360850095031,0.010273372502649369,1
0.22750000000000001,0.5,5479.2473281403391,3405.6359625570485,2089.3569966912787,3383.504653706274,0.0065409423411113554,1
0.22750000000000001,1,11153.365899195509,7562.3227630199872,5096.0011802903155,7539.0692917965725,0.0030843954768684512,1
0.22951388888888891,0,4309.7442034306559,2581.6811638438044,1514.3948845488394,2554.7318010682447,0.010548803112832017,1
0.22951388888888891,0.5,5428.3010292561412,3370.9208968186263,2065.3884665364949,3348.3653233650921,0.0067362940644917213,1
0.22951388888888891,1,11086.236704435529,7513.7606065142481,5060.4194748606551,7490.0606220537729,0.0031641912737918609,1
0.23152777777777778,0,4267.0732069977612,2553.6107398201148,1495.6466468890731,2526.2687375012983,0.010823077494859001,1
0.23152777777777778,0.5,5379.0743530348527,3337.4196145473406,2042.2770995268979,3314.4472190480788,0.0069309884819526157,1
0.23152777777777778,1,11020.699302730103,7466.4662154189773,5025.8432217421268,7442.332086751052,0.0032428180288930353,1
0.23354166666666668,0,4226.0916596535972,2526.6752579919507,1477.6613857119596,2498.9462695203133,0.011096272380822336,1
0.23354166666666668,0.5,5331.4309732330557,3305.037236781533,2019.9569014345257,3281.6551904342268,0.007125077130425872,1
0.23354166666666668,1,10956.632265067492,7420.3452505926798,4992.1992513702407,7395.788760585916,0.0033203341525425145,1
0.23555555555555557,0,4186.6477015743321,2500.773506530134,1460.3717294378391,2472.6629257735599,0.011368545410523234,1
0.23555555555555557,0.5,5285.2351103897672,3273.6791727916088,1998.3620115546912,3249.8943162413721,0.0073186553886912531,1
0.23555555555555557,1,10893.914717017833,7375.3035687686679,4959.4143757069814,7350.335860034158,0.0033968119566163413,1
0.23756944444444444,0,4148.5919114936733,2475.8058518305133,1443.711325238485,2447.3187627312041,0.011640122052395618,1
0.23756944444444444,0.5,5240.3545988419082,3243.2532453777658,1977.4281765751712,3219.0720462573163,0.0075118539669107864,1
0.23756944444444444,1,10832.43007858997,7331.2501464538946,4927.4176715612311,7305.8816986860411,0.0034723321310301536,1
0.23958333333333334,0,4111.7775653306699,2451.6744123020471,1427.6149557590854,2422.8155412702686,0.01191129516060796,1
0.23958333333333334,0.5,5196.6611630240777,3213.6698887609714,1957.0928924590717,3189.0984034163189,0.0077048376175317124,1
0.23958333333333334,1,10772.066130522369,7288.0971470036438,4896.1405441948364,7262.3377590414066,0.0035469829160958977,1
0.24159722222222221,0,4076.0610030622165,2428.283323524608,1412.018729507015,2399.0569978508224,0.012182422385115466,1
0.24159722222222221,0.5,5154.0309643399751,3184.8425573492677,1937.2957082121889,3159.8864009974413,0.0078978017513378074,1
0.24159722222222221,1,10712.715487291653,7245.7603183462343,4865.5170577703038,7219.6190992640077,0.0036208584861341375,1
0.24361111111111111,0,4041.304721190123,2405.5413227742497,1396.8621509691286,2375.9515158275703,0.012453876583577106,1
0.24361111111111111,0.5,5112.3525188426147,3156.6938530163479,1917.9829041450598,3131.3582885232199,0.0080909184317827787,1
0.24361111111111111,1,10654.287757685008,7204.1688689416769,4835.49190124083,7177.654363771996,0.0036940348233411857,1
0.24562500000000001,0,4007.3759387902433,2383.3608107455061,1382.0875070384502,2353.4111882559914,0.012726047466320223,1
0.24562500000000001,0.5,5071.5253265310257,3129.1545744724808,1899.106831509351,3103.4446013724432,0.008284334474238042,1
0.24562500000000001,1,10596.708847295173,7163.2649598202152,4806.0200169220707,7136.3852778276905,0.003766568219913502,1
0.24763888888888888,0,3974.1423692302487,2361.6544224473955,1367.6371759016574,2331.3482893993291,0.012999401756429441,1
0.24763888888888888,0.5,5031.449980898642,3102.1561099163168,1880.6201322497022,3076.0764178552795,0.0084782328259649375,1
0.24763888888888888,1,10539.906255773676,7122.9918170124265,4777.0570476529128,7095.7546082671615,0.0038385217991516729,1
0.24965277777777778,0,3941.4724690719854,2340.3351640818619,1353.4536989193375,2309.6754084620229,0.01327448675580567,1
0.24965277777777778,0.5,4992.028218073654,3075.6304448967776,1862.4757273183827,3049.185364363836,0.0086728346665991829,1
0.24965277777777778,1,10483.808800750348,7083.2935086186008,4748.5591583321257,7055.7059388133521,0.0039099659260868336,1
0.25166666666666665,0,3909.2359000241299,2319.3167258440658,1339.4799922863992,2288.3057647984974,0.013551930656565458,1
0.25166666666666665,0.5,4953.1634678434566,3049.5105593902917,1844.6271026399988,3022.7040173643145,0.0088683979218553421,1
0.25166666666666665,1,10428.347062979483,7044.1153079968044,4720.4833303937394,7016.1840393731945,0.0039809771902883373,1
0.25368055555555552,0,3877.3039726869329,2298.513782577792,1325.6595505980038,2267.153510895108,0.013832442987198768,1
0.25368055555555552,0.5,4914.7613586166508,3023.7307924133615,1827.0285721798664,2996.5662728593475,0.009065215677040106,1
0.25368055555555552,1,10373.453740849334,7005.4039855896835,4692.7876001495233,6977.1351632158057,0.0040516374862442639,1
0.25569444444444445,0,3845.5767314840041,2277.8599222316761,1311.9483016143126,2246.151789527582,0.014116647348558331,1
0.25569444444444445,0.5,4876.7505961591105,2998.2413393843453,1809.6453459726715,2970.7219694560422,0.0092635292737752728,1
0.25569444444444445,1,10319.082088943511,6967.1221894485607,4665.4422627846798,6938.5215781823053,0.0041220036493347934,1
0.25770833333333332,0,3814.0477100711178,2257.3505302218373,1298.3429764946629,2225.2959480452005,0.014404637821227695,1
0.25770833333333332,0.5,4839.1319831070468,2973.0423178955034,1792.4772075137041,2945.1712656261557,0.0094633044246485998,1
0.25770833333333332,1,10265.249930816452,6929.2828051482029,4638.4566657672922,6900.3562927839321,0.0041920317063222079,1
0.25972222222222219,0,3782.7290907795668,2236.9933212503538,1284.8484490371809,2204.593750652476,0.014696390474793208,1
0.25972222222222219,0.5,4801.9201010646475,2948.143396210527,1775.5305619504552,2919.9239537160038,0.0096644443286306725,1
0.25972222222222219,1,10211.988671955143,6891.9093236160152,4611.8484248556597,6862.6630305880653,0.0042616536609176858,1
0.26173611111111111,0,3751.6313866279879,2216.7949024191976,1271.4688593147575,2184.0518491385064,0.014991884599079741,1
0.26173611111111111,0.5,4765.1277032443631,2923.5529777646834,1758.8109400093917,2894.9885552464648,0.0098668516206921186,1
0.26173611111111111,1,10159.329662251068,6855.0252223839561,4585.6351627854619,6825.4655027732606,0.0043307990639884775,1
0.26374999999999998,0,3720.7635300257025,2196.7608326320524,1258.2076534523749,2163.675842210384,0.015291103120081528,1
0.26374999999999998,0.5,4728.765869756452,2899.2783100038359,1742.3230741669031,2870.3724300532135,0.010070428369494344,1
0.26374999999999998,1,10107.304462377157,6818.6541679327138,4559.8346626721031,6788.7876114758355,0.0043993947323364146,1
0.26576388888888891,0,3690.1329592462307,2176.8956804959903,1245.0676223956436,2143.4703333362245,0.015594033022020337,1
0.26576388888888891,0.5,4692.8441559446737,2875.3255883261104,1726.0709713723954,2846.0818805422118,0.010275076055902943,1
0.26576388888888891,1,10055.94508755582,6782.8202007655291,4534.4650082360004,6752.6536357394025,0.0044673644841586313,1
0.26777777777777778,0,3659.745927366962,2157.2032265090284,1232.0510339772059,2123.4391335534751,0.015900664361897965,1
0.26777777777777778,0.5,4657.3708514176687,2851.7001333553471,1710.0580342957142,2822.1223295883997,0.010480695133885831,1
0.26777777777777778,1,10005.284216205629,6747.5478928135126,4509.5447024253626,6717.0883895814704,0.0045346289144096996,1
0.26979166666666665,0,3629.6253179348287,2137.6980339746442,1219.1671263754572,2103.5968883524738,0.01621087472176197,1
0.26979166666666665,0.5,4622.3624300169649,2828.4126935654399,1694.2912621086282,2798.5046498937518,0.010687151680388807,1
0.26979166666666665,1,9955.3542591573823,6712.8615752914657,4485.092043215509,6682.1164442965528,0.0046011067378441961,1
0.27180555555555558,0,3599.823781589665,2118.4140331697326,1206.4377041537525,2083.9777202309806,0.016524319144321398,1
0.27180555555555558,0.5,4587.8506925091733,2805.4842828444498,1678.7845279340349,2775.2500354122776,0.010894242697552459,1
0.27180555555555558,1,9906.1865987991114,6678.7847464472388,4461.1246715838588,6647.7615358266357,0.0046667153226556124,1
0.27381944444444445,0,3570.3961847337114,2099.3866763805208,1193.8856163301732,2064.6173131003493,0.016840584964368022,1
0.27381944444444445,0.5,4553.8684033118543,2782.9366709532801,1663.5522907083168,2752.3804631470666,0.011101738373507919,1
0.27381944444444445,1,9857.8132446519521,6645.3414551528231,4437.6606995478323,6614.0479601582929,0.0047313680189553509,1
0.27583333333333332,0,3541.3963750466792,2080.6508323784701,1181.5333894084795,2045.5507967899027,0.017159209951495669,1
0.27583333333333332,0.5,4520.4474827559261,2760.7911666665432,1648.6087759295438,2729.9174696682744,0.011309388412397814,1
0.27583333333333332,1,9810.266937183369,6612.5563812453647,4414.7187702664132,6581.0006525533345,0.0047949742536170792,1
0.27784722222222225,0,3512.8769507951956,2062.2406284555132,1169.4031193059232,2026.8125872901473,0.017479682821949005,1
0.27784722222222225,0.5,4487.6187832696251,2739.068452846227,1633.9678543485345,2707.8819831065848,0.011516923534409029,1
0.27784722222222225,1,9763.5810941976888,6580.4547843569235,4392.3180112236387,6548.6451342309811,0.004857439893890092,1
0.27986111111111112,0,3484.8890446567339,2044.1893021797978,1157.5163697860794,2008.4362364980225,0.017801444244063047,1
0.27986111111111112,0.5,4455.4118920608398,2717.7884403252428,1619.6429340191373,2686.2941739729799,0.011724057125762855,1
0.27986111111111112,1,9717.7897858301894,6549.0624756969664,4370.4780057851231,6517.0074822585684,0.0049186675825771964,1
0.28187499999999999,0,3457.4820497855071,2026.5290148643394,1145.8940455122718,1990.4542429593243,0.018123889073370814,1
0.28187499999999999,0.5,4423.854887515462,2696.9700894830357,1605.6468298094674,2665.1732731055818,0.01193048748399117,1
0.28187499999999999,1,9672.9275721769372,6518.4056836948439,4349.2186828407121,6486.1141922322786,0.0049785573465908062,1
0.28388888888888891,0,3430.6847253719393,2009.2782908787976,1134.54804303421,1972.8853594261602,0.018446551533649602,1
0.28388888888888891,0.5,4392.9556066646255,2676.6182386061801,1591.9825031271685,2644.5242413002152,0.012136019328068404,1
0.28388888888888891,1,9628.9871437461479,6488.4781035465694,4328.5347186878353,6455.958887532046,0.0050370853626910961,1
0.28590277777777778,0,3404.4813480459711,1992.4261415737496,1123.4706825768035,1955.7185339177013,0.018769371471116347,1
0.28590277777777778,0.5,4362.6779309794874,2656.7068949820177,1578.6312918492388,2624.3208451148485,0.012340735671652281,1
0.28590277777777778,1,9585.8623618392412,6459.1965822263574,4308.3611076843663,6426.4575454416245,0.005094414232605482,1
0.28791666666666665,0,3378.850841571144,1975.9580378562368,1112.6519439984882,1938.9391319366014,0.019092350713795225,1
0.28791666666666665,0.5,4332.9805776243429,2637.2064477734766,1565.5719995061693,2604.5331763547838,0.012544770677262562,1
0.28791666666666665,1,9543.433065318206,6430.4670571956831,4288.624369060738,6397.5151120121373,0.0051507412810443132,1
0.28993055555555558,0,3353.7730459948725,1959.8600725589463,1102.0822298663331,1922.5331406755081,0.019415494637623265,1
0.28993055555555558,0.5,4303.8232834969431,2618.0880088980703,1552.783942041895,2585.1320438229218,0.012748271467948991,1
0.28993055555555558,1,9501.5790631025811,6402.1954380483785,4269.2509987722406,6369.0364973882906,0.0052062726714920959,1
0.29194444444444445,0,3329.2286041741254,1944.1188838343876,1091.7523137243913,1906.4870918851057,0.019738812871831213,1
0.29194444444444445,0.5,4275.1666588375874,2599.3233091784259,1540.2468741440946,2566.0888688273535,0.012951398821296367,1
0.29194444444444445,1,9460.1800223826594,6374.287520514983,4250.1674034018088,6340.9264907774932,0.0052612232275537352,1
0.29395833333333332,0,3305.1988538030546,1928.72158224434,1081.6532908428142,1890.7879884074712,0.020062320085298735,1
0.29395833333333332,0.5,4246.9720519085331,2580.8846023165975,1527.9409211059101,2547.3755885036235,0.01315432791465887,1
0.29395833333333332,1,9419.1153724206579,6346.6489125134931,4231.2998433677913,6313.0896873073716,0.0053158163226467714,1
0.29597222222222225,0,3281.6657249609498,1913.6556815575232,1071.7765314569015,1875.4232343926117,0.020386036849593392,1
0.29597222222222225,0.5,4219.2014243754729,2562.7445764334125,1515.8465160371541,2528.9645666949464,0.013357249122162518,1
0.29597222222222225,1,9378.2642222240702,6319.1849709193812,4212.5743844103381,6285.4304254182198,0.0053702838495608418,1
0.29798611111111112,0,3258.6107411072835,1898.9084953463043,1062.1133221723962,1860.3800364183955,0.020709993750569256,1
0.29798611111111112,0.5,4191.8183977900044,2544.8771625843397,1503.9450170170476,2510.8294230386623,0.013560355487818088,1
0.29798611111111112,1,9337.513411952239,6291.8071055021119,4193.9218243376326,6257.8591613611643,0.0054248494997390928,1
0.29999999999999999,0,3236.0062634025071,1884.4619003768437,1052.6517940623432,1845.6402137923926,0.021034265667998708,1
0.29999999999999999,0.5,4164.7995091407729,2527.2661449272728,1492.2252268091197,2492.9538487790142,0.013763710934746598,1
0.29999999999999999,1,9296.8365339378652,6264.4946284877824,4175.3260144112028,6230.3550004698163,0.0054795638475482189,1
