k,P0_single,P0_geometric,P2_single,P2_geometric,P4_single,P4_geometric,fractional_difference_P0,fractional_difference_P2,fractional_difference_P4
0.01,37523.687442015682,37523.706584636195,22498.746408260478,22498.801469171514,1570.7533197651974,1570.7786082879165,5.101476378739957e-07,2.4472879527085263e-06,1.6099614370349201e-05
0.01201388888888889,39965.176147858903,39965.217498960657,23920.885964909528,23921.004920558335,1662.0942027248857,1662.148818124876,1.0346783309832146e-06,4.9728780522866282e-06,3.285938901705289e-05
0.014027777777777778,41372.356694827191,41372.434035022532,24714.135871134724,24714.35836238589,1708.054488554234,1708.1565667317464,1.8693688617154318e-06,9.0025907572339906e-06,5.9762834380501928e-05
0.016041666666666666,41936.478775660114,41936.608853349971,24996.314809784169,24996.68899836966,1717.5096720171005,1717.6811771051998,3.1017790156594227e-06,1.496975007468549e-05,9.9856839756800055e-05
0.018055555555555554,41820.934954806376,41821.136525201757,24868.450213321794,24869.030013112912,1698.1419867585955,1698.407408959949,4.8198443099869667e-06,2.3314673256442022e-05,0.00015630153628087799
0.020069444444444445,41168.903161546987,41169.195758201196,24419.188879872378,24420.030429354447,1656.7087456640274,1657.0934656672343,7.1072249134649817e-06,3.4462630442360476e-05,0.00023221945572134584
0.022083333333333333,40104.875882738736,40105.278469534969,23725.592405365096,23726.75021053258,1599.0710175033801,1599.5995424194125,1.0038350384396476e-05,4.8799842284332956e-05,0.00033051997706619752
0.024097222222222221,38742.699799326569,38743.229569689327,22857.802088924291,22859.325603724959,1530.487271978086,1531.181697068967,1.3674069321509584e-05,6.6651850197217881e-05,0.00045372810581000624
0.026111111111111113,37180.37114608581,37181.042526768404,21875.904601004066,21877.83540761262,1455.3937906547799,1456.2725586820761,1.8057395929583546e-05,8.8261795055803122e-05,0.00060380086333946051
0.028124999999999997,35497.07620941475,35497.900070825512,20828.227107001447,20830.596696811095,1377.3017969455077,1378.3787493838081,2.3209275206243625e-05,0.00011376819531855007,0.00078192916083373446
0.030138888888888889,33769.865839475082,33770.849640410277,19761.085585026874,19763.915804880966,1299.4310767686502,1300.7157065132415,2.9132509435236449e-05,0.00014322188130372199,0.00098860937494722658
0.03215277777777778,32057.938346559611,32059.08641766361,18709.646713951402,18712.950597743002,1224.1333329595782,1225.6311989609558,3.5812381057926846e-05,0.00017658718211582158,0.0012236134423006097
0.034166666666666665,30398.555446336424,30399.869059883196,17695.782830918768,17699.564811420267,1152.8061898338974,1154.519039498743,4.321302533901878e-05,0.00021372213581253609,0.001485808872254955
0.036180555555555556,28824.168672870575,28825.647161566398,16738.080844008611,16742.339918875736,1086.5431979055084,1088.4703626030569,5.1293368166203746e-05,0.00025445419381213684,0.0017736659722903186
0.038194444444444448,27363.091645282533,27364.73421042633,15852.248789154408,15856.983602100119,1026.1653616524018,1028.3059393022641,6.0028492580072029e-05,0.00029868399169654639,0.0020859967894603019
0.040208333333333332,26028.961705071884,26030.768341834446,15045.252329128241,15050.46370798002,971.90287357197076,974.25673149162867,6.9408714148190762e-05,0.00034638028912872983,0.0024219065337330804
0.042222222222222223,24825.034753707165,24827.006935037298,14317.969645498873,14323.662428943551,923.59661451792817,926.1650360653648,7.944324548583025e-05,0.00039759711646458745,0.0027808910373466641
0.044236111111111115,23748.703252446412,23750.844596992949,13667.885337194841,13674.07013292559,880.88326455678225,883.66952824239797,9.0166798741580625e-05,0.00045250567868887698,0.0031630339657067216
0.046249999999999999,22793.89073862115,22796.207592281797,13090.526684595319,13097.221367743381,843.294866046685,846.30468583373477,0.00010164362404004632,0.00051141434637156258,0.0035691190688253755
0.048263888888888891,21953.126806529923,21955.629016513172,12580.652594399708,12587.884332679636,810.32943691232049,813.57160838521168,0.00011397966245542788,0.00057483013903011188,0.0040010535532871141
0.050277777777777775,21215.86519198813,21218.565923220514,12131.412933338093,12139.217529264726,781.42241997336851,784.90832908274615,0.0001272977183793513,0.00064333775212491314,0.0044609791327672003
0.052291666666666667,20566.833390060201,20569.747399264346,11733.555167491157,11741.972102010495,755.92585527613619,759.66720320349759,0.00014168487432555263,0.00071733881156995499,0.0049493583282644912
0.054305555555555558,19991.723221292268,19994.86619033412,11378.542806081125,11387.613323350797,733.26618116556074,737.27410898756352,0.00015721351316550462,0.00079715983182178092,0.0054658566356244557
0.056319444444444443,19475.594398653317,19478.981061539787,11057.735168456762,11067.497066811231,712.91036782544234,717.19331355342911,0.00017389265853189618,0.00088281173366456459,0.0060076917397776713
0.058333333333333334,19003.552379050139,19007.194382992762,10762.755212005424,10773.236988271268,694.38166384574242,698.94309704246598,0.00019164858601058131,0.00097389339991232123,0.0065690576727799122
0.060347222222222226,18562.054255957599,18565.958196685991,10486.182155678662,10497.397767513117,677.28841152542236,682.12502033984401,0.00021031835563887732,0.001069561034506909,0.0071411362310605658
0.06236111111111111,18138.827719784655,18142.992822499269,10221.500873942419,10233.443647050693,661.3181256735088,666.41784178269609,0.00022962358863309857,0.0011683972105035769,0.0077114416061007862
0.064375000000000002,17723.086025860001,17727.502130296722,9963.1646336911235,9975.8021128191613,646.22923273406013,651.56979761486946,0.00024917243138567808,0.0012684201850186475,0.0082641957532848167
0.066388888888888886,17306.149837055473,17310.795733383959,9706.8975829479441,9720.1674851651223,631.85798787358499,637.4061493308468,0.00026845349036203081,0.0013670590529861373,0.0087807095324271278
0.068402777777777771,16881.565892329567,16886.408438891296,9449.6842773055923,9463.4926416005255,618.10452573580505,623.81617437773093,0.00028685411013498134,0.0014612513910221777,0.0092405869947750439
0.070416666666666669,16444.878833309373,16449.872498025354,9189.606245036246,9203.8267933821298,604.91828024926508,610.7391259174492,0.00030366077893297636,0.001547460028939217,0.0096225322630117214
0.072430555555555554,15994.169059115646,15999.256752488303,8926.0525770775621,8940.5295465693926,592.2961062461427,598.16359836840957,0.00031809676100416173,0.001621878133342824,0.0099063493080410216
0.074444444444444438,15529.096495389429,15534.210485477084,8659.1910569875727,8673.7422211387711,580.25647247338156,586.10173322991932,0.00032931665336572856,0.0016804299680460725,0.010073581310729624
0.076458333333333323,15051.601569037182,15056.666186137267,8390.254665434577,8404.6789909794988,568.84197784373873,574.59314005649549,0.00033648360122041189,0.0017191761299386937,0.010110298530634464
0.078472222222222221,14564.645484297776,14569.579151503272,8120.9023048138743,8134.9857110584944,558.09648749245116,563.68120179948392,0.00033874269104696266,0.0017342169276278402,0.010006718250682941
0.080486111111111105,14072.692293158116,14077.411444487261,7853.3930157697623,7866.9188375797576,548.06604803558594,553.4151489110327,0.00033534104426058019,0.0017222901977317503,0.009759956659638672
0.08249999999999999,13580.632361713029,13585.053923471763,7590.0868680290332,7602.8424188962917,538.78589704326032,543.83557362295414,0.00032557848861292028,0.0016805540027463285,0.0093723250875818193
0.084513888888888888,13093.888891035233,13097.934566394515,7333.433737797578,7345.2212304207942,530.27724110339568,534.97210445036262,0.00030897431564830399,0.0016073633504672885,0.0088536014428941268
0.086527777777777773,12617.87187016891,12621.470427950904,7085.7757687954127,7096.4179355585793,522.54693111444431,526.84121389774418,0.00028519530226816544,0.0015019056643074975,0.0082179848882499244
0.088541666666666657,12157.472874971025,12160.5633867912,6849.0618173155117,6858.4096819988645,515.57920994845881,519.43824090299154,0.00025420676253680273,0.0013648387082329876,0.0074848459365118797
0.090555555555555542,11717.305850887442,11719.839552706308,6625.0273481389922,6632.9643479895567,509.34573747354693,512.74611998202408,0.00021623586950013504,0.0011980327677883489,0.0066759810837795633
0.09256944444444444,11300.915250810795,11302.856922935778,6414.818029415178,6421.2628307455889,503.79642173228808,506.72579462420572,0.00017181547528588803,0.0010046740688291103,0.0058145964630814196
0.094583333333333325,10911.131632751434,10912.460744765063,6219.1888811954359,6224.0974940277492,498.86905479845541,501.32550419204858,0.00012181248090157715,0.00078926897479431718,0.0049240364179044703
0.096597222222222209,10549.986281710904,10550.696855159094,6038.5050662175136,6041.8697216337878,494.49188224634736,496.4824847562013,6.7353021057668566e-05,0.00055720006514490173,0.0040255514424446283
0.098611111111111108,10218.140026381056,10218.239624494585,5872.5012232617119,5874.3471881261457,490.5820296549889,492.12112390596985,9.7471862072883326e-06,0.00031434048189241467,0.0031372821627065083
0.10062499999999999,9915.9523526676912,9915.4618759939385,5720.7841199318782,5721.1684428158715,487.05776349975508,488.16555202504333,-4.946339557801089e-05,6.7180106072214438e-05,0.0022744499899318401
0.10263888888888888,9642.5248001341097,9641.4750858398038,5582.4680705618284,5581.4706402053416,483.83814246702036,484.53782036763687,-0.00010886301213259898,-0.00017867193217755732,0.0014460990963815938
0.10465277777777778,9396.3733805645315,9394.8035243859886,5456.4555725130385,5454.1745566553309,480.8465247220422,481.16265957612359,-0.00016707043398148371,-0.00041803984791854418,0.00065745479654683579
0.10666666666666666,9175.7098772071222,9173.6653040656438,5341.5804094549931,5338.1271669087646,478.01493229059588,477.97184271341189,-0.00022282451917504575,-0.00064648330297826671,-9.0142742984012712e-05
0.10868055555555554,8977.9325152336296,8975.4598301522292,5236.4552311567704,5231.9416850753369,475.28824778378203,474.90718117467782,-0.00027541809622703186,-0.00086194684804676263,-0.00080175895549928285
0.11069444444444444,8800.3259576188284,8797.4718085073546,5139.6964217214818,5134.2323572689238,472.61944310415038,471.91819381583105,-0.00032432311316864964,-0.0010631103482037665,-0.0014837504011970971
0.11270833333333333,8640.0203407741774,8636.8280541825552,5049.9633803406687,5043.6485452041161,469.97514461797368,468.96680967526686,-0.00036947674492814189,-0.001250471470968682,-0.0021455069576636109
0.11472222222222221,8493.9108456651356,8490.4156466386994,4965.9517458237997,4958.8648672151503,467.33674498144183,466.02830045322526,-0.00041149466835056466,-0.0014270937317522698,-0.0027997895356345836
0.11673611111111111,8358.9078767101801,8355.1361868709901,4886.412490873774,4878.6102607351804,464.69331871041322,463.08650075051082,-0.00045121801733199974,-0.0015967195060109251,-0.0034578030180454017
0.11874999999999999,8232.1292049164895,8228.096385122748,4810.269814050168,4801.7824264377778,462.0421918926661,460.13400252814859,-0.00048988781557667753,-0.0017644306744706182,-0.0041299028487008609
0.12076388888888888,8110.923122514123,8106.6309294584316,4736.6286376239314,4727.4548937132213,459.38677842424136,457.17021291618516,-0.00052918675110816163,-0.0019367665511797359,-0.0048250529013031474
0.12277777777777778,7992.6832057532338,7988.1197077620918,4664.6492378747298,4654.7574756470276,456.73670805672327,454.20258822043183,-0.0005709594479932715,-0.0021205800743571038,-0.0055483165499732937
0.12479166666666666,7875.258686703748,7870.3988096032226,4593.7015399875381,4583.0320616948839,454.10296059101961,451.24193041105491,-0.00061710697944825858,-0.0023226320212094624,-0.006300399751283367
0.12680555555555556,7757.1438371221557,7751.9501821212316,4523.421331512096,4511.8894209158789,451.49237411669765,448.2968226274088,-0.00066953186765335141,-0.0025493779489168715,-0.0070777529643565778
0.12881944444444443,7636.8953250970062,7631.3186380698617,4453.4853410868118,4440.9834476510168,448.9152039152591,445.38108801408316,-0.00073022960113358723,-0.0028072155802232952,-0.0078725689625853395
0.13083333333333333,7513.4053602587937,7507.3866668907167,4383.6886548661396,4370.0921385123474,446.38250125029754,442.51120297487932,-0.00080106064819983683,-0.003101615425789705,-0.0086726031252902566
0.13284722222222223,7386.5155058371647,7379.9913281813842,4314.108203245095,4299.2873798339988,443.89568088935584,439.69549276961629,-0.00088325512220542568,-0.003435431545260703,-0.0094621063023735009
0.1348611111111111,7256.2351456990564,7249.1387853308497,4244.8648469709078,4228.6882311808604,441.45444094046525,436.94124341719407,-0.00097796725515611796,-0.0038108671001836261,-0.010223472922044579
0.136875,7122.623210601364,7114.8856889876533,4176.085240967931,4158.4219328914505,439.05877403745922,434.25650140062191,-0.00108633032871851,-0.0042296330312420706,-0.010937653272879556
0.1388888888888889,6986.3405173367391,6977.8966623005999,4108.0192455455954,4088.7516404975977,436.70572483269586,431.64612767707058,-0.0012086234581875335,-0.0046902421571880203,-0.011585827407148464
0.14090277777777779,6848.4134186974989,6839.2054572428997,4040.9779366579864,4020.0086675003267,434.38807801026451,429.10967559776111,-0.0013445393687039466,-0.0051891570521669173,-0.012151351935535093
0.14291666666666666,6709.855443288774,6699.8328979383477,3975.2452090898064,3952.4962765422165,432.09483308123367,426.64178267279487,-0.0014937051081258229,-0.0057226488810230205,-0.012620031509179437
0.14493055555555556,6571.6916270222846,6560.8126216146147,3911.0678041743013,3886.4825624490104,429.81273300362909,424.23362935339514,-0.0016554345555315228,-0.0062860689091227022,-0.012980312638124752
0.14694444444444446,6435.0345066173559,6423.2703459903587,3848.6474652708594,3822.199089572151,427.53080894146626,421.87708404236162,-0.0018281425864771527,-0.0068721222032860196,-0.01322413445034017
0.14895833333333333,6301.0018342164221,6288.3373846533505,3788.1562843956672,3759.8472935945611,425.2347696815018,419.55879880639327,-0.0020099104707920795,-0.0074730261044713775,-0.013347852244913555
0.15097222222222223,6170.6894900072466,6157.1224508519308,3729.7341876479654,3699.5936698496771,422.90499721169442,417.25825977099851,-0.0021986261304001967,-0.008081143663831834,-0.01335225991162577
0.15298611111111113,6044.9820935713551,6030.5227763207804,3673.4308305961808,3641.513163030575,420.52065948988331,414.95267172120577,-0.0023919536942800432,-0.0086887895913983319,-0.013240699696970516
0.155,5924.4059512469266,5909.0776303267849,3619.1733549199289,3585.5585435219805,418.06524703407797,412.62322301180598,-0.0025873177912319771,-0.0092879804589222591,-0.013017164332313888
0.1570138888888889,5809.4440769506082,5793.2824476299984,3566.8665994900821,3531.6581759070104,415.52066417189781,410.24821489284295,-0.0027819579819577281,-0.0098709673044977391,-0.012688777559504672
0.1590277777777778,5700.5685833125572,5683.6210381594638,3516.4009252327,3479.7234379446927,412.86627213397912,407.80208390189932,-0.0029729569788361928,-0.010430405425280164,-0.012265928640536716
0.16104166666666667,5598.0120091033305,5580.3347589629775,3467.6265011928599,3429.6191194535604,410.08513346514906,405.26256555701013,-0.0031577728149933767,-0.010960633080357701,-0.011759918891448343
0.16305555555555556,5501.5794756390496,5483.2330392162976,3420.3441248663462,3381.151650816867,407.17088278239817,402.61873252356861,-0.0033347580461192869,-0.011458634750972807,-0.01117995036315584
0.16506944444444446,5411.0341664789221,5392.082599099751,3374.3551518132026,3334.1262317489286,404.1186679972659,399.86103765707537,-0.003502392850626433,-0.011921957901395495,-0.010535594312657034
0.16708333333333333,5326.143504197009,5306.6540708521625,3329.4665977877903,3288.3527969688121,400.92400602354155,396.9800809119663,-0.0036592016962158028,-0.012348464719933104,-0.0098370889553160701
0.16909722222222223,5246.6111310465094,5226.6520196018864,3285.505628298135,3243.6568152278578,397.58584983627929,393.97019551669439,-0.0038041911142444162,-0.012737404163862143,-0.0090940216335007526
0.1711111111111111,5171.9113486624046,5151.5446987713185,3242.3583607590244,3199.9095110541948,394.11430290919122,390.83870315751574,-0.0039379348403474649,-0.013091967321863985,-0.0083112937731423166
0.173125,5101.4761654851891,5080.7566789933244,3199.934443941333,3157.0035084748006,390.52287023202655,387.5974244490352,-0.0040614688415179763,-0.013416192181004422,-0.007491099769017912
0.1751388888888889,5034.7477054728251,5013.7227891037201,3158.157850340428,3114.8465923209765,386.82621321755823,384.2601253727795,-0.0041759622525376541,-0.013714089058209323,-0.0066336968827278514
0.17715277777777777,4971.1801756557452,4949.8900176042462,3116.9685006902064,3073.363274553421,383.03963225672123,380.84207823748272,-0.004282717040866588,-0.013989626820781049,-0.0057371452825687305
0.17916666666666667,4910.2491044180533,4888.7255236856072,3076.327946432134,3032.4991462748162,379.17373501881855,377.3561995832971,-0.0043833989426483562,-0.014247115691338954,-0.0047934106918857246
0.18118055555555557,4851.4462444678375,4829.7121366713163,3036.2162573863443,2992.2187962151302,375.23691041292989,373.81517452995774,-0.0044799234499000775,-0.014490885181244735,-0.003788902007021624
0.18319444444444444,4794.2726254099034,4772.3425611340217,2996.6283900858753,2952.5036025987147,371.2399516953127,370.23482254571752,-0.004574221365645996,-0.014724811268939516,-0.0027074918661236002
0.18520833333333334,4738.2402063180325,4716.1210641000434,2957.5757137064215,2913.353239722378,367.19585805544739,366.63375369384175,-0.004668218843885354,-0.014952271138521116,-0.0015308025656453758
0.18722222222222223,4682.9094105313216,4660.6011880949691,2919.0860034971674,2874.7859080028243,363.11764680176475,363.03096330302969,-0.0047637527188084975,-0.015176015862934529,-0.00023872014896147008
0.1892361111111111,4628.0334618876504,4605.5307824761894,2881.194756875218,2836.8307289014956,359.01082494777279,359.43773279981656,-0.0048622551234283416,-0.015397788666614513,0.0011891225065591639
0.19125,4573.4267548277903,4550.7196895729621,2843.9420933164956,2799.5233262633119,354.87961863188673,355.86405203333652,-0.0049650003098569827,-0.015618731182175469,0.0027739925027109973
0.1932638888888889,4518.9064558992804,4495.9810355077752,2807.3743504781996,2762.9068130625346,350.72962606719148,352.32134290325814,-0.0050732230496997452,-0.015839546802189214,0.0045383016368333003
0.19527777777777777,4464.293545674358,4441.1322564929096,2771.5448618895743,2727.0324798040424,346.56748012407184,348.82204305669939,-0.0051881196754837858,-0.016060494887744466,0.0065054082160865539
0.19729166666666667,4409.4615306125725,4386.045288309816,2736.4947978150135,2691.9428623790832,342.39849105728695,345.37618973302324,-0.0053104539273536727,-0.016280657822373108,0.0086965881962315396
0.19930555555555557,4354.4864381031584,4330.801114462326,2702.1869626292487,2657.6122539460248,338.22008410177045,341.98145888961039,-0.0054392920904697706,-0.016495790002573455,0.011121086430538947
0.20131944444444444,4299.4936702140985,4275.5316151566039,2668.5603851611895,2623.9929882521806,334.02799627063303,338.63205154660477,-0.0055732271973088776,-0.016700913779890702,0.013783441290476416
0.20333333333333334,4244.6044428368687,4220.364291878318,2635.5508772702774,2591.0332534969725,329.81857196697115,335.32203536465727,-0.0057108150559136263,-0.016891202578268257,0.016686335656796336
0.20534722222222224,4189.9354554749279,4165.4219189508385,2603.0909463951743,2558.676970891278,325.5888915673512,332.045491772986,-0.0058505761686753312,-0.017062014512171375,0.019830529765783454
0.20736111111111111,4135.6040838834169,4110.8277267454732,2571.1134825183949,2526.86721753336,321.33745703404873,328.79697954401104,-0.0059909886525400177,-0.017208989523751363,0.023213983762782768
0.20937500000000001,4081.7654911254785,4056.7424566726286,2539.575737732273,2495.568471135583,317.06725760670679,325.57312308583414,-0.0061304439236538029,-0.017328589946282325,0.026826691419768442
0.2113888888888889,4028.5902201671925,4003.3416883459327,2508.4410500988138,2464.749003274856,312.78178445712547,322.37002679436819,-0.0062673368204254716,-0.017418008217588616,0.030654733791113803
0.21340277777777777,3976.2436689515303,3950.7952529535796,2477.6643868175424,2434.3672926780655,308.48299433253521,319.18227807290521,-0.006400114811037463,-0.017474963263725267,0.034683544755911219
0.21541666666666667,3924.8850431434626,3899.2662115256035,2447.1919444531195,2404.3717464930064,304.17174152871746,316.00346713755278,-0.0065272820315116341,-0.017497686708707369,0.038898174923715771
0.21743055555555557,3874.6659425931894,3848.9094566647941,2416.961379735113,2374.7010316026535,299.8482600545309,312.82675575437008,-0.0066474081404698498,-0.017484908317852821,0.043283545142062507
0.21944444444444444,3825.6891219700424,3799.8296507465693,2386.9291837624905,2345.3104833070556,295.51410160039245,309.64772578700581,-0.006759428275279384,-0.017436085133381216,0.047827241103118277
0.22145833333333334,3777.9848344102998,3752.0571206559343,2357.0917622305942,2316.1928285100412,291.17269668515542,306.46561940695176,-0.0068628422004802549,-0.017351438911249264,0.052521829470613304
0.22347222222222224,3731.576153170844,3705.6145965274536,2327.4461015058114,2287.3408470979657,286.82657758394657,303.27936867951735,-0.0069572629842566654,-0.017231442817042412,0.05736145943712443
0.22548611111111111,3686.4852038072086,3660.5236119248425,2297.9854205084816,2258.7432997547908,282.47733276220947,300.08744955652321,-0.0070423697497969864,-0.017076749227159002,0.062341698790883179
0.22750000000000001,3642.7327511500457,3616.8041176581282,2268.6991012437848,2230.3849436001851,278.12584243325477,296.88814235005236,-0.0071179071491674932,-0.016888161864477485,0.067459750423228659
0.22951388888888891,3600.3346351632172,3574.4709247741293,2239.5728986821687,2202.2468615553771,273.77251018570757,293.67984680100471,-0.0071836962421453704,-0.016666587253647922,0.07271488507664059
0.23152777777777778,3559.2428699875695,3533.4745146077566,2210.5940056228487,2174.3123563505033,269.41761390981765,290.46254000051363,-0.0072398418206012644,-0.016412624471096805,0.078112658579703564
0.23354166666666668,3519.3541460381302,3493.7097698916227,2181.7553459848664,2146.5713836545888,265.06188252457787,287.23786520973101,-0.0072866710999733722,-0.016126447172469385,0.083663416534804386
0.23555555555555557,3480.5661583618521,3455.0727038335322,2153.0538163687761,2119.0181798722501,260.70656133786895,284.00793105586115,-0.0073245137050687702,-0.015808075133917753,0.089377764788183559
0.23756944444444444,3442.7799094086504,3417.462767883495,2124.4901046796399,2091.6510220711616,256.35325177667835,280.77508887629199,-0.0073536915490784371,-0.015457394946741927,0.095266344118344462
0.23958333333333334,3405.8998777906309,3380.7830114780536,2096.0685724678078,2064.4720765662028,252.0037521701974,277.54175810037606,-0.00737451693056529,-0.015074170910546553,0.10133978446849033
0.24159722222222221,3369.8342181024723,3344.9402544118566,2067.7970098872602,2037.4871157237228,247.6599174028284,274.31030212401305,-0.0073872962524053455,-0.014658060737397968,0.10760879273748918
0.24361111111111111,3334.4961615376437,3309.8459867416173,2039.6840442422426,2010.702764528148,243.32396913556897,271.08411127378452,-0.007392473585772396,-0.014208710312709918,0.11408716632741127
0.24562500000000001,3299.8029993137843,3275.415369459563,2011.7393112208438,1984.1267524100226,238.99885402948428,267.86795125418928,-0.0073906320647908154,-0.013725714190107565,0.12079178095616953
0.24763888888888888,3265.6740215547979,3241.5657659075941,1983.9764746549315,1957.7711212675886,234.68782107660331,264.66659428123057,-0.0073823215324246563,-0.013208500061423751,0.12773893876172651
0.24965277777777778,3232.0307566141087,3208.2169942992473,1956.4132470788863,1931.6522017159746,230.39412859613378,261.48447308615386,-0.007368049411698295,-0.012656347221059969,0.13494417014645135
0.25166666666666665,3198.7972820128361,3175.2916195564339,1929.0711887567429,1905.7903607050489,226.12078518400909,258.32542453218593,-0.0073482813645544048,-0.012068413124089088,0.14242228692939415
0.25368055555555552,3165.9004947548869,3142.7152053769278,1901.9754587501318,1880.2097057895385,221.8703110620591,255.19245740720027,-0.0073234422295872731,-0.011443761201259931,0.15018749550416713
0.25569444444444445,3133.2852044548022,3110.4314736376546,1875.1494223078489,1854.9325560958205,217.64490262484497,252.08776528449511,-0.0072938559134849649,-0.010781469450656595,0.15825255838414637
0.25770833333333332,3100.949434130081,3078.4377577992245,1848.6006151135489,1829.9651326882549,213.44747246114815,249.01348867665678,-0.0072596076811461416,-0.010080859149854435,0.16662655127941314
0.25972222222222219,3068.9014755426497,3046.7417613501239,1822.3327209634524,1805.3097697572887,209.28096164715959,245.97165294083578,-0.0072207317077872292,-0.0093412970147206866,0.1753178645821373
0.26173611111111111,3037.1484431471254,3015.3500393917611,1796.3492029373435,1780.9686170799196,205.14806536523434,242.96404793953786,-0.0071772599079077274,-0.0085621358209606643,0.18433506797628346
0.26374999999999998,3005.6963566811519,2984.2680804363954,1770.6533151832014,1756.9436551540186,201.05119643762328,239.992201620917,-0.0071292218846807582,-0.0077427127668773712,0.19368701043952896
0.26576388888888891,2974.5502176338277,2953.5003823456886,1745.2481073596889,1733.2367037835998,196.99245264761777,237.05735723759426,-0.0070766447859413354,-0.0068823472865761704,0.20338294209496963
0.26777777777777778,2943.7142034096569,2923.0506506035417,1720.1363800310889,1709.8493811680073,192.97358548467543,234.16044409173702,-0.0070195512805492077,-0.0059803391071210953,0.21343262345266606
0.26979166666666665,2913.201393959866,2892.9318561352002,1695.3171244618893,1686.7794471741922,188.9958088696074,231.30131578718652,-0.0069578223691269623,-0.0050360355384288496,0.22384362473755529
0.27180555555555558,2883.0405120174269,2863.1731419014586,1670.7819305992466,1664.0170871163136,185.05983721046505,228.47849631334742,-0.0068911172191839639,-0.004048908693013384,0.23461956822918392
0.27381944444444445,2853.2604948123012,2833.8038134534054,1646.5196353677497,1641.5496841377208,181.16638582988452,225.69070096809736,-0.0068191044576095599,-0.0030184585250445221,0.24576476996136157
0.27583333333333332,2823.8887162249289,2804.8515126238644,1622.5170488084611,1619.3625875863331,177.31632158851664,222.93708515656363,-0.0067414850633753139,-0.0019441775508273293,0.2572846264762661
0.27784722222222225,2794.9508835365236,2776.3421261195763,1598.7591533841801,1597.4393384867349,173.5107612234608,220.21733363670796,-0.0066579908529201823,-0.00082552452922723778,0.26918545042341646
0.27986111111111112,2766.4709527095461,2748.2997120157397,1575.2293111371241,1575.7619003030402,169.75115392005097,217.53173284224624,-0.0065683829703720555,0.00033810262553558899,0.28147425109521712
0.28187499999999999,2738.4710161609573,2720.7463986611692,1551.9094810153431,1554.3108975314447,166.03934705523403,214.8812236344437,-0.0064724502816305585,0.001547394706636128,0.29415844765374866
0.28388888888888891,2710.9597473608137,2693.6909762985824,1528.7819052970356,1533.0673245500116,162.37727884156709,212.26659893223314,-0.0063699843123981668,0.002803159324510294,0.30724323283766497
0.28590277777777778,2683.9181620107183,2667.1148272260421,1505.831831233372,1512.015157243161,158.76642910744391,209.68720072918165,-0.0062607478210467042,0.0041062526913941202,0.32072757388325157
0.28791666666666665,2657.3241464062858,2640.9961553616945,1483.0453280075039,1491.1390120895298,155.20844498662962,207.1423934890397,-0.0061445236429559921,0.00545747586346528,0.33460774964199869
0.28993055555555558,2631.1563486592713,2615.3138321532274,1460.4088989722393,1470.4237480405895,151.7052801367488,204.63185116746098,-0.0060211231894739415,0.0068575650801622713,0.34887758015412246
0.29194444444444445,2605.3941089163745,2590.0473294274561,1437.9095265678029,1449.8545155089394,148.25921896077512,202.1555786310372,-0.0058903869615723409,0.0083071909048744955,0.36352788074865972
0.29395833333333332,2580.0173966120983,2565.1766591194364,1415.5347194950164,1429.4168072136863,144.87289438562476,199.71392697206085,-0.0057521850481123647,0.0098069567121760806,0.37854584751002096
0.29597222222222225,2555.0067542707329,2540.6823194090812,1393.2725611808696,1409.0965099894233,141.54929947150521,197.30760303672861,-0.0056064176103285211,0.011357396427259085,0.39391437310820399
0.29798611111111112,2530.3434467016004,2516.5453957767413,1371.1130887474308,1388.8813415869752,138.29160800935045,194.93764595733711,-0.0054530348213581098,0.012958998776517001,0.40961298204122831
0.29999999999999999,2506.0113835204029,2492.7490283589714,1349.0611157172386,1368.7742680886895,135.10121562927839,192.60499443709682,-0.0052922166469973409,0.014612497641346821,0.42563479936117271
