k,exchange_residual_P0_AB_minus_BA,auto_limit_residual_P0_pair_minus_auto,priordoc_canonical_residual_P0,exchange_residual_P2_AB_minus_BA,auto_limit_residual_P2_pair_minus_auto,priordoc_canonical_residual_P2,exchange_residual_P4_AB_minus_BA,auto_limit_residual_P4_pair_minus_auto,priordoc_canonical_residual_P4
0.01,0,0,0,0,0,0,0,0,0
0.01201388888888889,0,0,0,0,0,0,0,0,0
0.014027777777777778,0,0,0,0,0,0,0,0,0
0.016041666666666666,0,0,0,0,0,0,0,0,0
0.018055555555555554,0,0,0,0,0,0,0,0,0
0.020069444444444445,0,0,0,0,0,0,0,0,0
0.022083333333333333,0,0,0,0,0,0,0,0,0
0.024097222222222221,0,0,0,0,0,0,0,0,0
0.026111111111111113,0,0,0,0,0,0,0,0,0
0.028124999999999997,0,0,0,0,0,0,0,0,0
0.030138888888888889,0,0,0,0,0,0,0,0,0
0.03215277777777778,0,0,0,0,0,0,0,0,0
0.034166666666666665,0,0,0,0,0,0,0,0,0
0.036180555555555556,0,0,0,0,0,0,0,0,0
0.038194444444444448,0,0,0,0,0,0,0,0,0
0.040208333333333332,0,0,0,0,0,0,0,0,0
0.042222222222222223,0,0,0,0,0,0,0,0,0
0.044236111111111115,0,0,0,0,0,0,0,0,0
0.046249999999999999,0,0,0,0,0,0,0,0,0
0.048263888888888891,0,0,0,0,0,0,0,0,0
0.050277777777777775,0,0,0,0,0,0,0,0,0
0.052291666666666667,0,0,0,0,0,0,0,0,0
0.054305555555555558,0,0,0,0,0,0,0,0,0
0.056319444444444443,0,0,0,0,0,0,0,0,0
0.058333333333333334,0,0,0,0,0,0,0,0,0
0.060347222222222226,0,0,0,0,0,0,0,0,0
0.06236111111111111,0,0,0,0,0,0,0,0,0
0.064375000000000002,0,0,0,0,0,0,0,0,0
0.066388888888888886,0,0,0,0,0,0,0,0,0
0.068402777777777771,0,0,0,0,0,0,0,0,0
0.070416666666666669,0,0,0,0,0,0,0,0,0
0.072430555555555554,0,0,0,0,0,0,0,0,0
0.074444444444444438,0,0,0,0,0,0,0,0,0
0.076458333333333323,0,0,0,0,0,0,0,0,0
0.078472222222222221,0,0,0,0,0,0,0,0,0
0.080486111111111105,0,0,0,0,0,0,0,0,0
0.08249999999999999,0,0,0,0,0,0,0,0,0
0.084513888888888888,0,0,0,0,0,0,0,0,0
0.086527777777777773,0,0,0,0,0,0,0,0,0
0.088541666666666657,0,0,0,0,0,0,0,0,0
0.090555555555555542,0,0,0,0,0,0,0,0,0
0.09256944444444444,0,0,0,0,0,0,0,0,0
0.094583333333333325,0,0,0,0,0,0,0,0,0
0.096597222222222209,0,0,0,0,0,0,0,0,0
0.098611111111111108,0,0,0,0,0,0,0,0,0
0.10062499999999999,0,0,0,0,0,0,0,0,0
0.10263888888888888,0,0,0,0,0,0,0,0,0
0.10465277777777778,0,0,0,0,0,0,0,0,0
0.10666666666666666,0,0,0,0,0,0,0,0,0
0.10868055555555554,0,0,0,0,0,0,0,0,0
0.11069444444444444,0,0,0,0,0,0,0,0,0
0.11270833333333333,0,0,0,0,0,0,0,0,0
0.11472222222222221,0,0,0,0,0,0,0,0,0
0.11673611111111111,0,0,0,0,0,0,0,0,0
0.11874999999999999,0,0,0,0,0,0,0,0,0
0.12076388888888888,0,0,0,0,0,0,0,0,0
0.12277777777777778,0,0,0,0,0,0,0,0,0
0.12479166666666666,0,0,0,0,0,0,0,0,0
0.12680555555555556,0,0,0,0,0,0,0,0,0
0.12881944444444443,0,0,0,0,0,0,0,0,0
0.13083333333333333,0,0,0,0,0,0,0,0,0
0.13284722222222223,0,0,0,0,0,0,0,0,0
0.1348611111111111,0,0,0,0,0,0,0,0,0
0.136875,0,0,0,0,0,0,0,0,0
0.1388888888888889,0,0,0,0,0,0,0,0,0
0.14090277777777779,0,0,0,0,0,0,0,0,0
0.14291666666666666,0,0,0,0,0,0,0,0,0
0.14493055555555556,0,0,0,0,0,0,0,0,0
0.14694444444444446,0,0,0,0,0,0,0,0,0
0.14895833333333333,0,0,0,0,0,0,0,0,0
0.15097222222222223,0,0,0,0,0,0,0,0,0
0.15298611111111113,0,0,0,0,0,0,0,0,0
0.155,0,0,0,0,0,0,0,0,0
0.1570138888888889,0,0,0,0,0,0,0,0,0
0.1590277777777778,0,0,0,0,0,0,0,0,0
0.16104166666666667,0,0,0,0,0,0,0,0,0
0.16305555555555556,0,0,0,0,0,0,0,0,0
0.16506944444444446,0,0,0,0,0,0,0,0,0
0.16708333333333333,0,0,0,0,0,0,0,0,0
0.16909722222222223,0,0,0,0,0,0,0,0,0
0.1711111111111111,0,0,0,0,0,0,0,0,0
0.173125,0,0,0,0,0,0,0,0,0
0.1751388888888889,0,0,0,0,0,0,0,0,0
0.17715277777777777,0,0,0,0,0,0,0,0,0
0.17916666666666667,0,0,0,0,0,0,0,0,0
0.18118055555555557,0,0,0,0,0,0,0,0,0
0.18319444444444444,0,0,0,0,0,0,0,0,0
0.18520833333333334,0,0,0,0,0,0,0,0,0
0.18722222222222223,0,0,0,0,0,0,0,0,0
0.1892361111111111,0,0,0,0,0,0,0,0,0
0.19125,0,0,0,0,0,0,0,0,0
0.1932638888888889,0,0,0,0,0,0,0,0,0
0.19527777777777777,0,0,0,0,0,0,0,0,0
0.19729166666666667,0,0,0,0,0,0,0,0,0
0.19930555555555557,0,0,0,0,0,0,0,0,0
0.20131944444444444,0,0,0,0,0,0,0,0,0
0.20333333333333334,0,0,0,0,0,0,0,0,0
0.20534722222222224,0,0,0,0,0,0,0,0,0
0.20736111111111111,0,0,0,0,0,0,0,0,0
0.20937500000000001,0,0,0,0,0,0,0,0,0
0.2113888888888889,0,0,0,0,0,0,0,0,0
0.21340277777777777,0,0,0,0,0,0,0,0,0
0.21541666666666667,0,0,0,0,0,0,0,0,0
0.21743055555555557,0,0,0,0,0,0,0,0,0
0.21944444444444444,0,0,0,0,0,0,0,0,0
0.22145833333333334,0,0,0,0,0,0,0,0,0
0.22347222222222224,0,0,0,0,0,0,0,0,0
0.22548611111111111,0,0,0,0,0,0,0,0,0
0.22750000000000001,0,0,0,0,0,0,0,0,0
0.22951388888888891,0,0,0,0,0,0,0,0,0
0.23152777777777778,0,0,0,0,0,0,0,0,0
0.23354166666666668,0,0,0,0,0,0,0,0,0
0.23555555555555557,0,0,0,0,0,0,0,0,0
0.23756944444444444,0,0,0,0,0,0,0,0,0
0.23958333333333334,0,0,0,0,0,0,0,0,0
0.24159722222222221,0,0,0,0,0,0,0,0,0
0.24361111111111111,0,0,0,0,0,0,0,0,0
0.24562500000000001,0,0,0,0,0,0,0,0,0
0.24763888888888888,0,0,0,0,0,0,0,0,0
0.24965277777777778,0,0,0,0,0,0,0,0,0
0.25166666666666665,0,0,0,0,0,0,0,0,0
0.25368055555555552,0,0,0,0,0,0,0,0,0
0.25569444444444445,0,0,0,0,0,0,0,0,0
0.25770833333333332,0,0,0,0,0,0,0,0,0
0.25972222222222219,0,0,0,0,0,0,0,0,0
0.26173611111111111,0,0,0,0,0,0,0,0,0
0.26374999999999998,0,0,0,0,0,0,0,0,0
0.26576388888888891,0,0,0,0,0,0,0,0,0
0.26777777777777778,0,0,0,0,0,0,0,0,0
0.26979166666666665,0,0,0,0,0,0,0,0,0
0.27180555555555558,0,0,0,0,0,0,0,0,0
0.27381944444444445,0,0,0,0,0,0,0,0,0
0.27583333333333332,0,0,0,0,0,0,0,0,0
0.27784722222222225,0,0,0,0,0,0,0,0,0
0.27986111111111112,0,0,0,0,0,0,0,0,0
0.28187499999999999,0,0,0,0,0,0,0,0,0
0.28388888888888891,0,0,0,0,0,0,0,0,0
0.28590277777777778,0,0,0,0,0,0,0,0,0
0.28791666666666665,0,0,0,0,0,0,0,0,0
0.28993055555555558,0,0,0,0,0,0,0,0,0
0.29194444444444445,0,0,0,0,0,0,0,0,0
0.29395833333333332,0,0,0,0,0,0,0,0,0
0.29597222222222225,0,0,0,0,0,0,0,0,0
0.29798611111111112,0,0,0,0,0,0,0,0,0
0.29999999999999999,0,0,0,0,0,0,0,0,0
