k,qpar_fid,qper_fid,qpar_ap,qper_ap,P0_fid_AB,P0_AP_AB,delta_P0_AP_minus_fid_AB,P2_fid_AB,P2_AP_AB,delta_P2_AP_minus_fid_AB,P4_fid_AB,P4_AP_AB,delta_P4_AP_minus_fid_AB
0.01,1,1,1.02,0.97999999999999998,37523.630499326566,37998.989646167465,475.35914684089948,22498.582541345102,22218.73698266202,-279.84555868308234,1570.6779308426894,2075.7069251081111,505.02899426542172
0.01201388888888889,1,1,1.02,0.97999999999999998,39965.052992701596,40452.933671556755,487.8806788551592,23920.531433096512,23754.086109024847,-166.4453240716648,1661.931030021381,2239.3444223277174,577.41339230633639
0.014027777777777778,1,1,1.02,0.97999999999999998,41372.126022042401,41857.981716305432,485.85569426303118,24713.471640471122,24679.656024512471,-33.815615958650596,1707.7487239237907,2347.1250870283511,639.37636310456037
0.016041666666666666,1,1,1.02,0.97999999999999998,41936.090163900888,42408.813875970503,472.72371206961543,24995.195511899707,25104.24954216987,109.05403027016291,1716.9944114981618,2408.1728623092786,691.17845081111682
0.018055555555555554,1,1,1.02,0.97999999999999998,41820.331620354191,42271.988819834049,451.65719947985781,24866.712030895986,25119.739654855748,253.02762395976242,1697.3418652032742,2430.0042308436105,732.66236564033625
0.020069444444444445,1,1,1.02,0.97999999999999998,41168.025524457466,41593.178775226959,425.15325076949375,24416.659746769139,24808.554874533118,391.89512776397896,1655.5446055003786,2419.7526764486784,764.20807094829979
0.022083333333333333,1,1,1.02,0.97999999999999998,40103.665521216128,40499.234593216199,395.56907200007117,23722.103297916627,24241.591554469022,519.48825655239489,1597.4650380413532,2383.5435229028835,786.07848486153034
0.024097222222222221,1,1,1.02,0.97999999999999998,38741.103005943245,39106.144090767993,365.0410848247484,22853.197149190146,23482.801199347472,629.60405015732613,1528.3675191740685,2326.4433473668551,798.0758281927865
0.026111111111111113,1,1,1.02,0.97999999999999998,37178.341918562975,37513.008679050261,334.6667604872855,21870.049619898102,22591.52556784507,721.47594794696852,1452.697980013997,2253.9695488763164,801.27156886231933
0.028124999999999997,1,1,1.02,0.97999999999999998,35494.578670905452,35800.763268673225,306.18459776777308,20821.016366970951,21612.941386519611,791.9250195486602,1373.9802876334043,2170.78331145837,796.80302382496575
0.030138888888888889,1,1,1.02,0.97999999999999998,33766.873872940683,34047.553642241357,280.6797693006738,19752.440748276353,20589.333237567393,836.89248929103996,1295.4462667507496,2079.1641614337459,783.7178946829963
0.03215277777777778,1,1,1.02,0.97999999999999998,32054.434820951014,32312.391797803681,257.95697685266714,18699.514578351133,19561.380374514523,861.86579616339077,1219.4585806227979,1983.9062966672982,764.44771604450034
0.034166666666666665,1,1,1.02,0.97999999999999998,30394.532102968096,30632.797886484848,238.26578351675198,17684.135013329054,18554.51630991781,870.3812965887555,1147.4256643255176,1888.8505250082881,741.42486068277049
0.036180555555555556,1,1,1.02,0.97999999999999998,28819.622802855592,29042.200845114065,222.57804225847212,16724.904374432801,17583.623037293746,858.71866286094519,1080.4477300531653,1794.4735869573351,714.02585690416981
0.038194444444444448,1,1,1.02,0.97999999999999998,27358.020589491964,27568.307959978596,210.28737048663243,15837.530580307242,16668.579878385768,831.04929807852568,1019.3456596189344,1702.5190230223643,683.1733634034299
0.040208333333333332,1,1,1.02,0.97999999999999998,26023.359984122879,26224.157253344616,200.79726922173722,15028.971231937339,15821.970716420034,792.99948448269424,964.34627640597682,1615.2389797925507,650.89270338657388
0.042222222222222223,1,1,1.02,0.97999999999999998,24818.891885469166,25012.567077293286,193.6751918241207,14300.090524640027,15048.510674084549,748.42014944452239,915.28485187583419,1533.8397728549303,618.5549209790961
0.044236111111111115,1,1,1.02,0.97999999999999998,23742.001563981416,23930.550665713137,188.54910173172175,13648.353178967731,14348.355344648351,700.00216568062024,871.79031301548775,1458.7868739485398,586.99656093305202
0.046249999999999999,1,1,1.02,0.97999999999999998,22786.603388547002,22971.740793988407,185.13740544140455,13069.26132902377,13718.947051931853,649.68572290808333,833.38513232936793,1390.2173860507787,556.83225372141078
0.048263888888888891,1,1,1.02,0.97999999999999998,21945.215138483531,22128.309413431263,183.09427494773263,12557.541584782964,13156.274647661527,598.73306287856212,799.55512797359506,1327.6302848852461,528.07515691165099
0.050277777777777775,1,1,1.02,0.97999999999999998,21207.279046306059,21388.660590330546,181.38154402448708,12106.312725618023,12658.036002474448,551.72327685642449,769.72457599134259,1271.1460759265597,501.42149993521707
0.052291666666666667,1,1,1.02,0.97999999999999998,20557.516333807242,20737.405893663432,179.88955985619032,11706.306247292496,12216.808225302233,510.50197800973729,743.24147459456708,1221.1615938115406,477.92011921697349
0.054305555555555558,1,1,1.02,0.97999999999999998,19981.614511473068,20159.757113996922,178.14260252385429,11348.975364193488,11824.785152880122,475.80978868663442,719.53090180437584,1176.6477611935879,457.1168593892121
0.056319444444444443,1,1,1.02,0.97999999999999998,19464.634896756281,19640.327537388548,175.69264063226728,11025.685789254338,11475.171354927021,449.48556567268315,698.06574181713268,1137.4358278739346,439.37008605680194
0.058333333333333334,1,1,1.02,0.97999999999999998,18991.691511088102,19164.063882115315,172.37237102721338,10728.086325528253,11159.874756491645,431.78843096339187,678.38334205641786,1103.0246392786348,424.64129722221696
0.060347222222222226,1,1,1.02,0.97999999999999998,18549.256631069773,18717.227394541573,167.97076347179973,10448.800217265511,10871.624511818984,422.82429455347301,660.11331594123067,1072.8276690537741,412.71435311254345
0.06236111111111111,1,1,1.02,0.97999999999999998,18125.081149470621,18287.388242940568,162.30709346994627,10181.378214704237,10603.856406250865,422.4781915466283,642.9728035109033,1046.2832345641373,403.31043105323397
0.064375000000000002,1,1,1.02,0.97999999999999998,17708.408831647514,17863.869466562461,155.46063491494715,9920.3591103592662,10350.208914259634,429.84980390036799,626.75693445060642,1022.9329795605722,396.1760451099658
0.066388888888888886,1,1,1.02,0.97999999999999998,17290.597273455809,17438.062838892358,147.46556543654879,9661.5694269499782,10105.547040964162,443.97761401418393,611.34409129582809,1002.3244337729666,390.98034247713849
0.068402777777777771,1,1,1.02,0.97999999999999998,16865.234210765084,17003.698557365795,138.464346600711,9402.1062548971058,9865.2445221958424,463.13826729873654,596.67897338031116,983.72612929333809,387.04715591302693
0.070416666666666669,1,1,1.02,0.97999999999999998,16427.908106552262,16556.702909818428,128.79480326616613,9140.1702328568426,9625.9783776011172,485.80814474427461,582.75632641764332,967.02265113365138,384.26632471600806
0.072430555555555554,1,1,1.02,0.97999999999999998,15976.741747577064,16095.318681817707,118.57693424064382,8875.2644005176062,9385.3047825068406,510.04038198923445,569.61437222962468,951.37953241831565,381.76516018869097
0.074444444444444438,1,1,1.02,0.97999999999999998,15511.435726888223,15619.763377747277,108.32765085905339,8607.6645904414945,9141.663234128644,533.99864368714952,557.30878248947283,936.8228659127949,379.51408342332206
0.076458333333333323,1,1,1.02,0.97999999999999998,15033.963183946358,15132.130479061127,98.167295114768422,8338.6891442425804,8894.6113361384232,555.92219189584284,545.90908302982371,922.63067895803943,376.72159592821572
0.078472222222222221,1,1,1.02,0.97999999999999998,14547.312156379023,14635.895555539013,88.583399159990222,8070.0655054307044,8644.3102226789997,574.24471724829527,535.47839209375343,908.87248089585728,373.39408880210385
0.080486111111111105,1,1,1.02,0.97999999999999998,14055.960782062382,14135.670380700394,79.709598638011812,7804.0863936292562,8391.7580157775283,587.67162214827204,526.06842450536806,895.05112540171513,368.98270089634707
0.08249999999999999,1,1,1.02,0.97999999999999998,13564.805352205651,13636.667387303127,71.86203509747611,7543.1233393907605,8138.4609508629364,595.33761147217592,517.7116519673209,881.24921787939365,363.53756591207275
0.084513888888888888,1,1,1.02,0.97999999999999998,13079.260030608719,13144.453808549037,65.193777940317887,7289.5979188749798,7886.1457048493457,596.54778597436598,510.41275087005715,867.26312411283197,356.85037324277482
0.086527777777777773,1,1,1.02,0.97999999999999998,12604.717354492932,12664.456486577757,59.739132084825542,7045.8020191714322,7637.0793372452608,591.27731807382861,504.15520865838289,853.04348201462881,348.88827335624592
0.088541666666666657,1,1,1.02,0.97999999999999998,12146.03919741754,12201.690698367829,55.651500950289119,6813.6027105908561,7393.2564474292749,579.65373683841881,498.89051694916952,838.82563279530564,339.93511584613611
0.090555555555555542,1,1,1.02,0.97999999999999998,11707.802021048044,11760.587664017894,52.785642969849505,6594.6343070738549,7156.7305857651518,562.0962786912969,494.55303458540243,824.36386585364903,329.8108312682466
0.09256944444444444,1,1,1.02,0.97999999999999998,11293.506420438127,11344.637650760267,51.131230322140254,6389.9258271035651,6929.5500969172945,539.62426981372937,491.05215108970378,810.11870588508623,319.06655479538244
0.094583333333333325,1,1,1.02,0.97999999999999998,10905.933260694259,10956.563289763249,50.630029068990552,6200.1018080686581,6712.8568721571346,512.7550640884765,488.28289665358807,796.00387127094496,307.72097461735689
0.096597222222222209,1,1,1.02,0.97999999999999998,10547.062828581997,10597.984610777603,50.921782195606283,6025.3950864709886,6508.3837223835062,482.98863591251757,486.1326234926978,782.07975122786547,295.94712773516767
0.098611111111111108,1,1,1.02,0.97999999999999998,10217.506885527357,10269.613808383825,52.106922856468373,5865.4143006973381,6316.6103785187879,451.19607782144976,484.48139118412337,768.85487555664804,284.37348437252467
0.10062499999999999,1,1,1.02,0.97999999999999998,9917.5747185926975,9971.3276839539139,53.752965361216411,5719.6387860208933,6138.0739679981607,418.43518197726735,483.2122927177038,755.90389279951773,272.69160008181393
0.10263888888888888,1,1,1.02,0.97999999999999998,9646.3289064114288,9702.0802732187967,55.751366807367958,5587.0859264957544,5973.1873084918534,386.10138199609901,482.22064550062032,743.75875555524976,261.53811005462944
0.10465277777777778,1,1,1.02,0.97999999999999998,9402.2514957171061,9460.2639140059982,58.01241828889215,5466.5751894937375,5821.3336697033228,354.75848020958529,481.41166719581634,732.40819816560406,250.99653096978773
0.10666666666666666,1,1,1.02,0.97999999999999998,9183.526535192188,9243.6819058727742,60.155370680586202,5356.8743530068023,5682.3280938613962,325.45374085459389,480.70576177752787,721.67617157527479,240.97040979774692
0.10868055555555554,1,1,1.02,0.97999999999999998,8987.5439967850725,9049.6904150268529,62.146418241780339,5256.5810414847765,5555.5174598583035,298.93641837352698,480.05266333696068,711.90765776970852,231.85499443274784
0.11069444444444444,1,1,1.02,0.97999999999999998,8811.5845059017847,8875.4171356656425,63.832629763857767,5164.3074286275587,5439.8988306452402,275.5914020176815,479.41313083640284,702.98182462308182,223.56869378667898
0.11270833333333333,1,1,1.02,0.97999999999999998,8652.787739910098,8717.7916767777515,65.003936867653465,5078.7435563925492,5334.685519482965,255.94196309041581,478.77181054078892,694.83411726607642,216.0623067252875
0.11472222222222221,1,1,1.02,0.97999999999999998,8508.0786220863047,8573.656107572624,65.577485486319347,4998.6671665962485,5238.9571881335451,240.29002153729652,478.14274985478323,687.54608027904328,209.40333042426005
0.11673611111111111,1,1,1.02,0.97999999999999998,8374.4015170252314,8439.927785565771,65.526268540539604,4922.9208041304901,5151.607875023481,228.68707089299096,477.54810841986728,681.18737751621074,203.63926909634347
0.11874999999999999,1,1,1.02,0.97999999999999998,8248.9191830401505,8313.722305682084,64.803122641933442,4850.5466280978726,5071.5127547181728,220.9661266203002,477.02321424902561,675.63246945540777,198.60925520638216
0.12076388888888888,1,1,1.02,0.97999999999999998,8129.0377739333462,8192.3265516815991,63.288777748252869,4780.798091509072,4997.8915550590064,217.09346354993431,476.61492704022453,670.74270769418831,194.12778065396378
0.12277777777777778,1,1,1.02,0.97999999999999998,8012.2116942904086,8073.3189411748081,61.107246884399501,4712.9889484997584,4929.780978515686,216.79203001592759,476.37353707000921,666.79585988139365,190.42232281138445
0.12479166666666666,1,1,1.02,0.97999999999999998,7896.3513444439322,7954.7726857975804,58.421341353648131,4646.64061724782,4865.9198539766603,219.27923672884026,476.34588115556471,663.67407482061139,187.32819366504668
0.12680555555555556,1,1,1.02,0.97999999999999998,7780.0112914265119,7835.1089876574333,55.097696230921429,4581.535298816163,4805.7028084009826,224.16750958481953,476.56924457273317,660.98093137655701,184.41168680382384
0.12881944444444443,1,1,1.02,0.97999999999999998,7661.8091533312418,7713.0825017692332,51.273348437991444,4517.4949037718725,4748.6119724777873,231.11706870591479,477.07962126180814,659.00476271706543,181.92514145525729
0.13083333333333333,1,1,1.02,0.97999999999999998,7540.691203943079,7588.0528036813112,47.361599738232144,4454.4399249406079,4693.4882440254341,239.04831908482629,477.90493017320068,657.888757181242,179.98382700804132
0.13284722222222223,1,1,1.02,0.97999999999999998,7416.5316145480829,7459.8195613860771,43.287946837994241,4392.5179584621656,4639.6939574508888,247.17599898872322,479.04817362774133,657.06702737841533,178.018853750674
0.1348611111111111,1,1,1.02,0.97999999999999998,7289.3678813959777,7328.4440421812524,39.076160785274624,4331.9080461635613,4587.1947753538416,255.28672919028031,480.50581950575031,656.51259278832845,176.00677328257814
0.136875,1,1,1.02,0.97999999999999998,7159.2838754400727,7194.3693824840448,35.085507043972029,4272.7860246873752,4535.458064112443,262.67203942506785,482.270942938247,656.55623269471062,174.28528975646361
0.1388888888888889,1,1,1.02,0.97999999999999998,7026.9375624183385,7058.3905235979464,31.452961179607883,4215.3836139617943,4483.9214740044154,268.53786004262111,484.31980198941142,656.92659287554375,172.60679088613233
0.14090277777777779,1,1,1.02,0.97999999999999998,6893.3349353474969,6921.494217272043,28.159281924546121,4159.9526626210936,4432.5466706876141,272.59400806652047,486.61812659746647,657.3559109874052,170.73778438993872
0.14291666666666666,1,1,1.02,0.97999999999999998,6759.4685587178719,6784.7383533050661,25.269794587194156,4106.7178605407826,4381.4458799587628,274.72801941798025,489.13048315167453,657.87397374805073,168.7434905963762
0.14493055555555556,1,1,1.02,0.97999999999999998,6626.3349044740789,6649.2281585088149,22.893254034735946,4055.8499638004687,4330.6194215026635,274.76945770219481,491.81827051044866,658.52787758839872,166.70960707795007
0.14694444444444446,1,1,1.02,0.97999999999999998,6494.9934515505402,6516.0781935547548,21.084742004214604,4007.417436854123,4280.0508800978059,272.6334432436829,494.63583538963587,659.29731785716376,164.66148246752789
0.14895833333333333,1,1,1.02,0.97999999999999998,6366.5041537536435,6386.3820106424573,19.877856888813767,3961.450650867499,4229.7400489092443,268.28939804174524,497.53709266127112,660.13153782665063,162.59444516537951
0.15097222222222223,1,1,1.02,0.97999999999999998,6241.9057960348564,6261.0740245063971,19.168228471540715,3917.9528488464948,4179.9334339713896,261.98058512489479,500.47687273897043,660.82014432733058,160.34327158836015
0.15298611111111113,1,1,1.02,0.97999999999999998,6122.0238478451192,6140.8592523655952,18.835404520476004,3876.8332986294381,4131.0114581720391,254.17815954260095,503.40952979837709,661.39442820585373,157.98489840747663
0.155,1,1,1.02,0.97999999999999998,6007.3200085147637,6026.2840509566995,18.964042441935817,3837.8644148208468,4083.0684441476383,245.20402932679144,506.28807662731413,662.11209986084896,155.82402323353483
0.1570138888888889,1,1,1.02,0.97999999999999998,5898.2119404442592,5917.7855735536359,19.573633109376715,3800.7964431077771,4035.9249773334659,235.12853422568878,509.06662090573866,662.96416200450676,153.8975410987681
0.1590277777777778,1,1,1.02,0.97999999999999998,5795.1066777933456,5815.5839452963519,20.47726750300626,3765.3681396701377,3989.7178050008974,224.34966533075976,511.70063120603822,663.63785412168966,151.93722291565143
0.16104166666666667,1,1,1.02,0.97999999999999998,5698.1838443566803,5719.6449130116325,21.461068654952214,3731.3085556428896,3944.7716927827437,213.4631371398541,514.15694312069297,664.09777122793548,149.94082810724251
0.16305555555555556,1,1,1.02,0.97999999999999998,5607.2177409970172,5629.7871229462853,22.569381949268063,3698.3499571180678,3901.1611084789897,202.81115136092194,516.42230844095889,664.58108894699342,148.15878050603453
0.16506944444444446,1,1,1.02,0.97999999999999998,5521.9432920314466,5545.7491269652,23.805834933753431,3666.2316782174667,3858.6999954652006,192.46831724773392,518.48650693521267,665.12874168297719,146.64223474776452
0.16708333333333333,1,1,1.02,0.97999999999999998,5442.0998796182066,5467.1701341552998,25.070254537093206,3634.6996775381499,3817.3414759061702,182.64179836802032,520.34021065078286,665.56872792143656,145.2285172706537
0.16909722222222223,1,1,1.02,0.97999999999999998,5367.3749404502341,5393.5617902786053,26.186849828371123,3603.5492290721731,3777.2083526855617,173.6591236133886,521.9844223211993,665.78185585082417,143.79743352962487
0.1711111111111111,1,1,1.02,0.97999999999999998,5297.2674530839213,5324.3832522741614,27.115799190240068,3572.7340088195992,3738.3810738065308,165.64706498693158,523.45383129453899,665.80511173845741,142.35128044391843
0.173125,1,1,1.02,0.97999999999999998,5231.2441796428566,5259.081768952301,27.837589309444411,3542.2550516270476,3700.8898324491292,158.63478082208167,524.7908361381709,665.67706856481789,140.88623242664698
0.1751388888888889,1,1,1.02,0.97999999999999998,5168.7833712644679,5197.114562923618,28.331191659150136,3512.1302688963647,3664.7618986503885,152.63162975402383,526.03830879441489,665.42506462400888,139.38675582959399
0.17715277777777777,1,1,1.02,0.97999999999999998,5109.3771854689658,5137.9581034370831,28.580917968117319,3482.3968220019178,3630.0317752796182,147.63495327770033,527.23880114355643,665.06799188243872,137.82919073888229
0.17916666666666667,1,1,1.02,0.97999999999999998,5052.5480906483817,5081.1098135019683,28.561722853586616,3453.1292499969236,3596.7574552441274,143.62820524720382,528.42522601161261,664.5971051992982,136.17187918768559
0.18118055555555557,1,1,1.02,0.97999999999999998,4997.8406339338644,5026.0864097061749,28.245775772310481,3424.4291985961499,3565.0353581060858,140.60615950993588,529.62250285740834,664.00151356600509,134.37901070859675
0.18319444444444444,1,1,1.02,0.97999999999999998,4944.8078933590868,4972.4238221884889,27.615928829402037,3396.4093651779599,3534.9796133161717,138.57024813821181,530.85446896024098,663.30129110836185,132.44682214812087
0.18520833333333334,1,1,1.02,0.97999999999999998,4893.0128050309158,4919.7378312916353,26.72502626071946,3369.1944419407964,3506.5748549329514,137.38041299215502,532.14390265763973,662.6264707060692,130.48256804842947
0.18722222222222223,1,1,1.02,0.97999999999999998,4842.0643429895163,4867.7512177089047,25.68687471938847,3342.918009456524,3479.7027425191504,136.7847330626264,533.51005480688298,662.04604999926312,128.53599519238014
0.1892361111111111,1,1,1.02,0.97999999999999998,4791.7567738539874,4816.2498338043424,24.493059950355018,3317.7019814098671,3454.3101748760519,136.60819346618473,534.95952699351096,661.47270837287215,126.51318137936119
0.19125,1,1,1.02,0.97999999999999998,4741.9421938238993,4765.0602284601455,23.118034636246193,3293.6637072055037,3430.4601689341243,136.79646172862067,536.49465560249598,660.83409771466211,124.33944211216613
0.1932638888888889,1,1,1.02,0.97999999999999998,4692.4740488173338,4714.0371005490906,21.563051731756786,3270.9223042257186,3408.2500342344042,137.32773000868565,538.11723333237308,660.15189598809764,122.03466265572456
0.19527777777777777,1,1,1.02,0.97999999999999998,4643.208140864087,4663.1371556347058,19.929014770618778,3249.5995064218823,3387.5831486655934,137.98364224371107,539.82844108453764,659.60449425345496,119.77605316891731
0.19729166666666667,1,1,1.02,0.97999999999999998,4594.0402789685031,4612.4140681164199,18.373789147916796,3229.7747479984937,3368.2551629821905,138.48041498369685,541.62202592705819,659.30417875367368,117.68215282661549
0.19930555555555557,1,1,1.02,0.97999999999999998,4545.0209025263894,4561.9572425967444,16.936340070355072,3211.3364528273769,3350.0934223452373,138.7569695178604,543.46300722906051,659.25243339549638,115.78942616643587
0.20131944444444444,1,1,1.02,0.97999999999999998,4496.2358664649746,4511.8618177955668,15.625951330592216,3194.11660924328,3332.9455105036113,138.82890126033135,545.30895336137996,659.43077499475908,114.12182163337911
0.20333333333333334,1,1,1.02,0.97999999999999998,4447.7649930923199,4462.2170849630074,14.452091870687582,3177.9397788344208,3316.6460521541658,138.70627331974492,547.11753499544841,659.81270445922746,112.69516946377905
0.20534722222222224,1,1,1.02,0.97999999999999998,4399.6817664588498,4413.1181538871751,13.436387428325361,3162.6230642460268,3300.996567106396,138.37350286036917,548.84664102146508,660.39120560703839,111.54456458557331
0.20736111111111111,1,1,1.02,0.97999999999999998,4352.0589069701819,4364.6709579156886,12.61205094550678,3147.9824366634857,3285.7716176636723,137.78918100018655,550.45794820719209,661.14876236236012,110.69081415516803
0.20937500000000001,1,1,1.02,0.97999999999999998,4305.00890447038,4316.9895612549535,11.980656784573512,3133.8769227376806,3270.7506027845275,136.87368004684686,551.94046180750456,662.02812811261538,110.08766630511082
0.2113888888888889,1,1,1.02,0.97999999999999998,4258.6626583458074,4270.1987987014199,11.536140355612588,3120.1864370032163,3255.7513645184172,135.56492751520091,553.29671514774213,662.97027172583228,109.67355657809014
0.21340277777777777,1,1,1.02,0.97999999999999998,4213.1483122408117,4224.4312811280888,11.282968887277093,3106.7896080601677,3240.6412723105977,133.85166425043008,554.53059646275938,663.96648237760053,109.43588591484115
0.21541666666666667,1,1,1.02,0.97999999999999998,4168.5902529104014,4179.7961603088097,11.205907398408272,3093.5633018794124,3225.344475047285,131.78117316787257,555.64747516770854,664.97724707841678,109.32977191070825
0.21743055555555557,1,1,1.02,0.97999999999999998,4125.1078410636756,4136.350297011656,11.242455947980488,3080.3830358928826,3209.8683737150291,129.48533782214645,556.6544734734756,665.92935250778999,109.27487903431438
0.21944444444444444,1,1,1.02,0.97999999999999998,4082.781947999933,4094.1240938759101,11.342145875977167,3067.1682405227957,3194.2253785318699,127.05713800907415,557.56520581661084,666.80564138420982,109.24043556759898
0.22145833333333334,1,1,1.02,0.97999999999999998,4041.6365633163855,4053.138198929083,11.501635612697555,3053.9153483157943,3178.4117953495615,124.49644703376725,558.40216586007762,667.6149814988438,109.21281563876619
0.22347222222222224,1,1,1.02,0.97999999999999998,4001.6923281999279,4013.4125939760597,11.720265776131782,3040.6309368823486,3162.4217313892777,121.79079450692916,559.18910770363084,668.3703258329241,109.18121812929326
0.22548611111111111,1,1,1.02,0.97999999999999998,3962.9715347825299,3974.9669344718773,11.995399689347323,3027.3244137447205,3146.261996644138,118.93758289941752,559.95035229326311,669.0842708793474,109.13391858608429
0.22750000000000001,1,1,1.02,0.97999999999999998,3925.4977059658809,3937.7921044741834,12.294398508302493,3014.0078299870925,3130.0063586495139,115.99852866242145,560.71086746815911,669.7153379731601,109.004470505001
0.22951388888888891,1,1,1.02,0.97999999999999998,3889.2920361670203,3901.8422761506235,12.550239983603205,3000.6954557602239,3113.784277428837,113.08882166861304,561.49553156285458,670.23049921689983,108.73496765404525
0.23152777777777778,1,1,1.02,0.97999999999999998,3854.3142846667838,3867.0518183028562,12.737533636072385,2987.3979580952728,3097.7182037364501,110.32024564117728,562.31380843034606,670.66390038783186,108.3500919574858
0.23354166666666668,1,1,1.02,0.97999999999999998,3820.4691490860296,3833.340291810553,12.871142724523452,2974.1221785187081,3081.8942545067457,107.77207598803761,563.16043482247005,671.07929847188757,107.91886364941752
0.23555555555555557,1,1,1.02,0.97999999999999998,3787.6614487248089,3800.6152362019675,12.953787477158585,2960.876001830155,3066.3461117104025,105.47010988024749,564.02915099172969,671.50197127831098,107.47282028658128
0.23756944444444444,1,1,1.02,0.97999999999999998,3755.798398972559,3768.7816177479972,12.983218775438218,2947.66852088836,3051.0838449090334,103.41532402067332,564.91316656586218,671.92548773801047,107.01232117214829
0.23958333333333334,1,1,1.02,0.97999999999999998,3724.7897821112051,3737.7487975882495,12.959015477044431,2934.5099811315986,3036.1135281714342,101.60354703983558,565.80510139231569,672.3437002743716,106.53859888205591
0.24159722222222221,1,1,1.02,0.97999999999999998,3694.5483229496031,3707.431459985577,12.883137035973959,2921.4118885826015,3021.4398008512371,100.02791226863565,566.69686460834782,672.74537809439096,106.04851348604313
0.24361111111111111,1,1,1.02,0.97999999999999998,3664.9957017512688,3677.748644940636,12.752943189367215,2908.3920650865698,3007.0713891676742,98.679324081104369,567.57783864274779,673.1091747733177,105.53133613056991
0.24562500000000001,1,1,1.02,0.97999999999999998,3636.0616446124495,3648.6231176250399,12.561473012590341,2895.4747788666341,2993.0243434400909,97.549564573456792,568.43507759756778,673.40934003306666,104.97426243549887
0.24763888888888888,1,1,1.02,0.97999999999999998,3607.6764520453798,3619.9808613278055,12.304409282425695,2882.6847918253079,2979.3232424032367,96.638450577928779,569.25552624297279,673.62588952105989,104.3703632780871
0.24965277777777778,1,1,1.02,0.97999999999999998,3579.7710007771675,3591.7503701748565,11.97936939768897,2870.0471385123124,2965.9954766747405,95.948338162428172,570.02604964794295,673.74629514370315,103.7202454957602
0.25166666666666665,1,1,1.02,0.97999999999999998,3552.2771218367707,3563.8757114395312,11.598589602760512,2857.587189339547,2953.0362997001503,95.449110360603299,570.73334650642596,673.79017222645609,103.05682572003013
0.25368055555555552,1,1,1.02,0.97999999999999998,3525.127941667959,3536.3289844177234,11.201042749764383,2845.3306679600937,2940.3938277449502,95.063159784856452,571.36387094932843,673.79581406811894,102.43194311879051
0.25569444444444445,1,1,1.02,0.97999999999999998,3498.2728446841916,3509.0973620915038,10.824517407312214,2833.3000692309929,2928.0126048243255,94.712535593332632,571.90690741206856,673.76434933330711,101.85744192123855
0.25770833333333332,1,1,1.02,0.97999999999999998,3471.712850898396,3482.1771829617801,10.464332063384063,2821.5058448016002,2915.8518131024421,94.345968300841832,572.36262803710019,673.66761610678714,101.30498806968694
0.25972222222222219,1,1,1.02,0.97999999999999998,3445.4590935140532,3455.5716437281008,10.112550214047587,2809.9561817163544,2903.8937379902591,93.937556273904647,572.73404665206795,673.47680674807407,100.74276009600612
0.26173611111111111,1,1,1.02,0.97999999999999998,3419.5216668956914,3429.2884548557859,9.7667879600944616,2798.659804432456,2892.1432811754048,93.483476742948824,573.02469751959711,673.1859406407923,100.16124312119518
0.26374999999999998,1,1,1.02,0.97999999999999998,3393.9097447091644,3403.3366409142154,9.4268962050509799,2787.6260814360785,2880.6091803866238,92.983098950545354,573.23861594435868,672.80054584887864,99.561929904519957
0.26576388888888891,1,1,1.02,0.97999999999999998,3368.6316913848746,3377.7321630017732,9.1004716168986306,2776.8651207199791,2869.283941391916,92.418820671936828,573.3803185696753,672.34217579002984,98.961857220354545
0.26777777777777778,1,1,1.02,0.97999999999999998,3343.6952433928604,3352.4971562103033,8.8019128174428261,2766.3877448729959,2858.1498174039675,91.762072530971636,573.45481396117373,671.8337043896347,98.378890428460977
0.26979166666666665,1,1,1.02,0.97999999999999998,3319.1136512149651,3327.655807209489,8.5421559945239096,2756.1968866813663,2847.1892212209714,90.992334539605054,573.46993395806385,671.29096990353185,97.821035945467997
0.27180555555555558,1,1,1.02,0.97999999999999998,3294.9103402966357,3303.232945357805,8.3226050611692699,2746.2812596110907,2836.3866429650857,90.105383353994966,573.43786101990997,670.72646543832923,97.288604418419254
0.27381944444444445,1,1,1.02,0.97999999999999998,3271.1096134029176,3279.2533024533273,8.1436890504096482,2736.6288290602238,2825.7284364917282,89.09960743150441,573.3713316679673,670.15206395519203,96.780732287224737
0.27583333333333332,1,1,1.02,0.97999999999999998,3247.735479308255,3255.741072442785,8.0055931345300451,2727.2283267124499,2815.2021360847066,87.97380937225671,573.28327242997284,669.5793583364233,96.296085906450458
0.27784722222222225,1,1,1.02,0.97999999999999998,3224.8115094687728,3232.7182373151254,7.9067278463526236,2718.0693132893784,2804.8001112110833,86.730797921704834,573.18683797863639,669.01574728604794,95.82890930741155
0.27986111111111112,1,1,1.02,0.97999999999999998,3202.3607131025065,3210.1944346910277,7.8337215885212572,2709.1422536678729,2794.5404645305653,85.398210862692395,573.09544164804129,668.4474689606659,95.352027312624614
0.28187499999999999,1,1,1.02,0.97999999999999998,3180.4053678066675,3188.1668278817169,7.7614600750493992,2700.4385589277963,2784.4578600072746,84.019301079478282,573.02275745276791,667.86750549615454,94.84474804338663
0.28388888888888891,1,1,1.02,0.97999999999999998,3158.9508712465472,3166.6243842145959,7.6735129680487262,2691.9393305595145,2774.5847728150907,82.645442255576199,572.97722803926183,667.29680509595926,94.319577056697426
0.28590277777777778,1,1,1.02,0.97999999999999998,3137.9648510459365,3145.5486403083441,7.583789262407663,2683.599598429465,2764.9404134869765,81.340815057511463,572.95441283727428,666.77912083512899,93.824707997854716
0.28791666666666665,1,1,1.02,0.97999999999999998,3117.4101805672572,3124.9133757318523,7.5031951645951267,2675.3703456876469,2755.5191650077454,80.148819320098482,572.94772771412056,666.35736089612726,93.409633182006701
0.28993055555555558,1,1,1.02,0.97999999999999998,3097.2503068108463,3104.6852454618256,7.4349386509793476,2667.2022042339222,2746.2844173261924,79.082213092270194,572.95028488941011,666.0424140717281,93.09212918231799
0.29194444444444445,1,1,1.02,0.97999999999999998,3077.4491539465116,3084.8288416091336,7.3796876626220183,2659.0454381596774,2737.1884996774593,78.143061517781916,572.95492344550189,665.82852465248857,92.873601206986677
0.29395833333333332,1,1,1.02,0.97999999999999998,3057.9710349496213,3065.3080022207569,7.3369672711355634,2650.8499343540052,2728.1858970747944,77.335962720789212,572.95423697595561,665.7061242376235,92.751887261667889
0.29597222222222225,1,1,1.02,0.97999999999999998,3038.7805709089298,3046.0868114914724,7.306240582542614,2642.5651992856779,2719.2324395564483,76.667240270770435,572.94059834635777,665.66094523269066,92.720346886332891
0.29798611111111112,1,1,1.02,0.97999999999999998,3019.8441264740777,3027.1326789663981,7.2885524923203775,2634.144679699084,2710.2835193321725,76.138839633088537,572.90660005708094,665.6690622832183,92.762462226137359
0.29999999999999999,1,1,1.02,0.97999999999999998,3001.1444588806617,3008.4181592442242,7.2737003635625115,2625.5877628509243,2701.2991444355785,75.711381584654191,572.84917573319808,665.69033275146262,92.841157018264539
